Låtens URI,Låtens namn,Artistens URI,Artistens namn,Albumets URI,Albumets namn,Albumartistens URI,Albumartistens namn,Albumets releasedatum,Albumets bild-URL,Skivnummer,Låtnummer,Låtlängd (ms),Förhandsgranskning URL,Explicit,Popularitet,ISRC,Tillagd av,Tillagd vid,Artistens genrer,Dansbarhet,Energi,Tonart,Ljudstyrka,Läge,Talighet,Akustik,Instrumentalhet,Livlighet,Valens,Tempo,Taktart,Albumets genrer,Skivbolag,Upphovsrätt
spotify:track:3lfPuyvkKQsWFFAIhE73ww,Jump,spotify:artist:60TYV12IFUaDfnUA0S67zb,Rupee,spotify:album:3Uq7mIN3ccKNODOAfTjRiy,1 On 1,spotify:artist:60TYV12IFUaDfnUA0S67zb,Rupee,2004-10-26,https://i.scdn.co/image/ab67616d0000b273d9b658fe9f28611388fb415e,1,14,214720,https://p.scdn.co/mp3-preview/edcddd0b344e6eff53ad13d6c8c14773817d8698?cid=9950ac751e34487dbbe027c4fd7f8e99,False,52,USAT20401837,spotify:user:isak.sjoholm.,2025-07-18T13:07:29Z,"soca,dancehall,calypso",0.678,0.942,7.0,-2.597,1.0,0.0546,0.000845,3.43e-06,0.0422,0.726,155.017,4.0,,Atlantic Records,"C © 2005 Atlantic Recording Corporation for the United States and WEA International for the world outside of the United States, P ℗ 2005 Atlantic Recording Corporation for the United States and WEA International for the world outside of the United States"
spotify:track:3lfPuyvkKQsWFFAIhE73ww,Jump,spotify:artist:60TYV12IFUaDfnUA0S67zb,Rupee,spotify:album:3Uq7mIN3ccKNODOAfTjRiy,1 On 1,spotify:artist:60TYV12IFUaDfnUA0S67zb,Rupee,2004-10-26,https://i.scdn.co/image/ab67616d0000b273d9b658fe9f28611388fb415e,1,14,214720,https://p.scdn.co/mp3-preview/edcddd0b344e6eff53ad13d6c8c14773817d8698?cid=9950ac751e34487dbbe027c4fd7f8e99,False,52,USAT20401837,spotify:user:isak.sjoholm.,2025-07-18T13:07:29Z,"soca,dancehall,calypso",0.678,0.942,7.0,-2.597,1.0,0.0546,0.000845,3.43e-06,0.0422,0.726,155.017,4.0,,Atlantic Records,"C © 2005 Atlantic Recording Corporation for the United States and WEA International for the world outside of the United States, P ℗ 2005 Atlantic Recording Corporation for the United States and WEA International for the world outside of the United States"
spotify:track:02jzzQFDJRxrrx9WFApODY,โรคจิต,spotify:artist:7G4qd0NlBQf4AxC0klpuDY,Slur,spotify:album:0KodVmT6WR9IIv4p82Z3Z0,Boo!,spotify:artist:7G4qd0NlBQf4AxC0klpuDY,Slur,2012-10-04,https://i.scdn.co/image/ab67616d0000b273c8abef6efe60a011867b8aa2,1,2,175626,https://p.scdn.co/mp3-preview/e774f25824417b449ab561573bb4d1be2df39086?cid=9950ac751e34487dbbe027c4fd7f8e99,False,33,THSM10500156,spotify:user:isak.sjoholm.,2025-07-18T13:18:00Z,"thailändsk rock,thailändsk pop,thailändsk indiepop,thailändsk indierock",0.507,0.963,7.0,-1.849,1.0,0.0625,0.00828,0.0838,0.0326,0.843,155.019,4.0,,Smallroom,"C Smallroom Bangkok Pop Music Label, P Smallroom Bangkok Pop Music Label"
spotify:track:02jzzQFDJRxrrx9WFApODY,โรคจิต,spotify:artist:7G4qd0NlBQf4AxC0klpuDY,Slur,spotify:album:0KodVmT6WR9IIv4p82Z3Z0,Boo!,spotify:artist:7G4qd0NlBQf4AxC0klpuDY,Slur,2012-10-04,https://i.scdn.co/image/ab67616d0000b273c8abef6efe60a011867b8aa2,1,2,175626,https://p.scdn.co/mp3-preview/e774f25824417b449ab561573bb4d1be2df39086?cid=9950ac751e34487dbbe027c4fd7f8e99,False,33,THSM10500156,spotify:user:isak.sjoholm.,2025-07-18T13:18:00Z,"thailändsk rock,thailändsk pop,thailändsk indiepop,thailändsk indierock",0.507,0.963,7.0,-1.849,1.0,0.0625,0.00828,0.0838,0.0326,0.843,155.019,4.0,,Smallroom,"C Smallroom Bangkok Pop Music Label, P Smallroom Bangkok Pop Music Label"
spotify:track:2z8s2nQA67uwwt7ItYUkKy,Mis Alas Son Tus Hojas,spotify:artist:1EXjXQpDx2pROygh8zvHs4,Melendi,spotify:album:00UlhRF25elWQ4ImKuj8SI,Curiosa La Cara De Tu Padre,spotify:artist:1EXjXQpDx2pROygh8zvHs4,Melendi,2008-09-16,https://i.scdn.co/image/ab67616d0000b2733f39425dd684788ae6edb372,1,6,218533,https://p.scdn.co/mp3-preview/6d59c0303eb6def5dc4f92570ffe1c6893534288?cid=9950ac751e34487dbbe027c4fd7f8e99,False,42,ESD010800120,spotify:user:isak.sjoholm.,2025-07-18T13:18:56Z,"flamenco,flamenco pop",0.566,0.937,9.0,-4.119,0.0,0.0419,0.0143,0.0325,0.132,0.749,155.015,4.0,,Parlophone Spain,"C © 2008 Ockam Records. Bajo licencia exclusiva a Warner Music Spain, S.L., P ℗ 2008 Ockam Records. Bajo licencia exclusiva a Warner Music Spain, S.L."
spotify:track:2z8s2nQA67uwwt7ItYUkKy,Mis Alas Son Tus Hojas,spotify:artist:1EXjXQpDx2pROygh8zvHs4,Melendi,spotify:album:00UlhRF25elWQ4ImKuj8SI,Curiosa La Cara De Tu Padre,spotify:artist:1EXjXQpDx2pROygh8zvHs4,Melendi,2008-09-16,https://i.scdn.co/image/ab67616d0000b2733f39425dd684788ae6edb372,1,6,218533,https://p.scdn.co/mp3-preview/6d59c0303eb6def5dc4f92570ffe1c6893534288?cid=9950ac751e34487dbbe027c4fd7f8e99,False,42,ESD010800120,spotify:user:isak.sjoholm.,2025-07-18T13:18:56Z,"flamenco,flamenco pop",0.566,0.937,9.0,-4.119,0.0,0.0419,0.0143,0.0325,0.132,0.749,155.015,4.0,,Parlophone Spain,"C © 2008 Ockam Records. Bajo licencia exclusiva a Warner Music Spain, S.L., P ℗ 2008 Ockam Records. Bajo licencia exclusiva a Warner Music Spain, S.L."
spotify:track:4fYAcwdEtW2VCZe5Xoe7iC,A Contracorriente,spotify:artist:5RK6c1tyaKpwcDpbgCGNgj,El Canto Del Loco,spotify:album:4GAsbhINFlN5K9PZ6vEaCW,A Contracorriente,spotify:artist:5RK6c1tyaKpwcDpbgCGNgj,El Canto Del Loco,2002-03-01,https://i.scdn.co/image/ab67616d0000b2737958aaea7d2aaa5174c41fc1,1,5,181533,https://p.scdn.co/mp3-preview/522ea20c777dbbc55190556ae85f7ccfbdb945c5?cid=9950ac751e34487dbbe027c4fd7f8e99,False,51,ES5020200048,spotify:user:isak.sjoholm.,2025-07-18T13:18:52Z,,0.496,0.931,8.0,-1.945,1.0,0.039,0.0158,7.48e-06,0.135,0.763,155.009,4.0,,Ariola,"P (P) 2002 BMG Music Spain, S.A."
spotify:track:4fYAcwdEtW2VCZe5Xoe7iC,A Contracorriente,spotify:artist:5RK6c1tyaKpwcDpbgCGNgj,El Canto Del Loco,spotify:album:4GAsbhINFlN5K9PZ6vEaCW,A Contracorriente,spotify:artist:5RK6c1tyaKpwcDpbgCGNgj,El Canto Del Loco,2002-03-01,https://i.scdn.co/image/ab67616d0000b2737958aaea7d2aaa5174c41fc1,1,5,181533,https://p.scdn.co/mp3-preview/522ea20c777dbbc55190556ae85f7ccfbdb945c5?cid=9950ac751e34487dbbe027c4fd7f8e99,False,51,ES5020200048,spotify:user:isak.sjoholm.,2025-07-18T13:18:52Z,,0.496,0.931,8.0,-1.945,1.0,0.039,0.0158,7.48e-06,0.135,0.763,155.009,4.0,,Ariola,"P (P) 2002 BMG Music Spain, S.A."
spotify:track:3hldQZusW4tjJXeYlLvQas,Freestyler - Radio Edit,spotify:artist:0NeC6ploeJUq8oDwYQjNPS,Bomfunk MC's,spotify:album:4o03pHHL4dYfHB4olfCdyE,Party Hits,spotify:artist:0LyfQWJT6nXafLPZqxe9Of,Blandade Artister,2012-11-19,https://i.scdn.co/image/ab67616d0000b273907c5efb002dfcf3638e08cc,1,6,172733,https://p.scdn.co/mp3-preview/292de56c28d89ee89de9d19f1fe99bd730eed731?cid=9950ac751e34487dbbe027c4fd7f8e99,True,51,FISME9900064,spotify:user:isak.sjoholm.,2025-07-18T13:16:41Z,eurodance,0.847,0.961,4.0,-5.183,0.0,0.105,0.0237,0.0259,0.0629,0.922,163.821,4.0,,Legacy Recordings,P (P) 2012 Sony Music Entertainment
spotify:track:3hldQZusW4tjJXeYlLvQas,Freestyler - Radio Edit,spotify:artist:0NeC6ploeJUq8oDwYQjNPS,Bomfunk MC's,spotify:album:4o03pHHL4dYfHB4olfCdyE,Party Hits,spotify:artist:0LyfQWJT6nXafLPZqxe9Of,Blandade Artister,2012-11-19,https://i.scdn.co/image/ab67616d0000b273907c5efb002dfcf3638e08cc,1,6,172733,https://p.scdn.co/mp3-preview/292de56c28d89ee89de9d19f1fe99bd730eed731?cid=9950ac751e34487dbbe027c4fd7f8e99,True,51,FISME9900064,spotify:user:isak.sjoholm.,2025-07-18T13:16:41Z,eurodance,0.847,0.961,4.0,-5.183,0.0,0.105,0.0237,0.0259,0.0629,0.922,163.821,4.0,,Legacy Recordings,P (P) 2012 Sony Music Entertainment
spotify:track:3hldQZusW4tjJXeYlLvQas,Freestyler - Radio Edit,spotify:artist:0NeC6ploeJUq8oDwYQjNPS,Bomfunk MC's,spotify:album:4o03pHHL4dYfHB4olfCdyE,Party Hits,spotify:artist:0LyfQWJT6nXafLPZqxe9Of,Blandade Artister,2012-11-19,https://i.scdn.co/image/ab67616d0000b273907c5efb002dfcf3638e08cc,1,6,172733,https://p.scdn.co/mp3-preview/292de56c28d89ee89de9d19f1fe99bd730eed731?cid=9950ac751e34487dbbe027c4fd7f8e99,True,51,FISME9900064,spotify:user:isak.sjoholm.,2025-07-18T13:16:41Z,eurodance,0.847,0.961,4.0,-5.183,0.0,0.105,0.0237,0.0259,0.0629,0.922,163.821,4.0,,Legacy Recordings,P (P) 2012 Sony Music Entertainment
spotify:track:2TojxdP1mDTjZmkKGxmzTz,Всё в порядке,spotify:artist:48Mg7JaclPFMCGf4tXdPQn,DK,spotify:album:1UStDOGAXxq6MqX3jFRiUL,SYNONIM,spotify:artist:48Mg7JaclPFMCGf4tXdPQn,DK,2020-08-21,https://i.scdn.co/image/ab67616d0000b273a83a57f6e5cd7824d09d3fec,1,4,154894,https://p.scdn.co/mp3-preview/9c70b747ff0064dfa6945a39c9869ec79961a599?cid=9950ac751e34487dbbe027c4fd7f8e99,True,0,RUA012000557,spotify:user:isak.sjoholm.,2025-07-18T13:21:12Z,,0.774,0.925,0.0,-6.568,1.0,0.0744,0.00123,0.00703,0.0618,0.82,155.007,4.0,,Sony Music Entertainment,P (P) 2020 Sony Music Entertainment
spotify:track:2TojxdP1mDTjZmkKGxmzTz,Всё в порядке,spotify:artist:48Mg7JaclPFMCGf4tXdPQn,DK,spotify:album:1UStDOGAXxq6MqX3jFRiUL,SYNONIM,spotify:artist:48Mg7JaclPFMCGf4tXdPQn,DK,2020-08-21,https://i.scdn.co/image/ab67616d0000b273a83a57f6e5cd7824d09d3fec,1,4,154894,https://p.scdn.co/mp3-preview/9c70b747ff0064dfa6945a39c9869ec79961a599?cid=9950ac751e34487dbbe027c4fd7f8e99,True,0,RUA012000557,spotify:user:isak.sjoholm.,2025-07-18T13:21:12Z,,0.774,0.925,0.0,-6.568,1.0,0.0744,0.00123,0.00703,0.0618,0.82,155.007,4.0,,Sony Music Entertainment,P (P) 2020 Sony Music Entertainment
spotify:track:0UGXglDH1G7CBRRuXQxFM0,Freestyler - Alternative Radio Edit,spotify:artist:0NeC6ploeJUq8oDwYQjNPS,Bomfunk MC's,spotify:album:7nXjjWeSGHn7R80Li8sffb,Freestyler,spotify:artist:0NeC6ploeJUq8oDwYQjNPS,Bomfunk MC's,2000,https://i.scdn.co/image/ab67616d0000b2738d4c27eb9cd0fbd022b153f0,1,1,247893,https://p.scdn.co/mp3-preview/748e60d6d8515b20039263dd8a00845c257f44b9?cid=9950ac751e34487dbbe027c4fd7f8e99,False,47,FISME9900050,spotify:user:isak.sjoholm.,2025-07-18T13:08:31Z,eurodance,0.838,0.965,11.0,-4.992,0.0,0.0866,0.0181,0.213,0.0585,0.893,163.845,4.0,,Epidrome,P 1999 Sony Music Entertainment (Finland) Oy
spotify:track:0UGXglDH1G7CBRRuXQxFM0,Freestyler - Alternative Radio Edit,spotify:artist:0NeC6ploeJUq8oDwYQjNPS,Bomfunk MC's,spotify:album:7nXjjWeSGHn7R80Li8sffb,Freestyler,spotify:artist:0NeC6ploeJUq8oDwYQjNPS,Bomfunk MC's,2000,https://i.scdn.co/image/ab67616d0000b2738d4c27eb9cd0fbd022b153f0,1,1,247893,https://p.scdn.co/mp3-preview/748e60d6d8515b20039263dd8a00845c257f44b9?cid=9950ac751e34487dbbe027c4fd7f8e99,False,47,FISME9900050,spotify:user:isak.sjoholm.,2025-07-18T13:08:31Z,eurodance,0.838,0.965,11.0,-4.992,0.0,0.0866,0.0181,0.213,0.0585,0.893,163.845,4.0,,Epidrome,P 1999 Sony Music Entertainment (Finland) Oy
spotify:track:0UGXglDH1G7CBRRuXQxFM0,Freestyler - Alternative Radio Edit,spotify:artist:0NeC6ploeJUq8oDwYQjNPS,Bomfunk MC's,spotify:album:7nXjjWeSGHn7R80Li8sffb,Freestyler,spotify:artist:0NeC6ploeJUq8oDwYQjNPS,Bomfunk MC's,2000,https://i.scdn.co/image/ab67616d0000b2738d4c27eb9cd0fbd022b153f0,1,1,247893,https://p.scdn.co/mp3-preview/748e60d6d8515b20039263dd8a00845c257f44b9?cid=9950ac751e34487dbbe027c4fd7f8e99,False,47,FISME9900050,spotify:user:isak.sjoholm.,2025-07-18T13:08:31Z,eurodance,0.838,0.965,11.0,-4.992,0.0,0.0866,0.0181,0.213,0.0585,0.893,163.845,4.0,,Epidrome,P 1999 Sony Music Entertainment (Finland) Oy
spotify:track:6oCdQgeMtkYYaT2IZZKMf7,El Ombliguito - Merengue Version,spotify:artist:5AWKC0rd625VHM69d7X2tu,Pochy Y Su Cocoband,spotify:album:0vHcfstrEdO2FG1svbiyM3,El Ombliguito,spotify:artist:5AWKC0rd625VHM69d7X2tu,Pochy Y Su Cocoband,1996-11-19,https://i.scdn.co/image/ab67616d0000b27331673ee8233a8a3e024080d1,1,1,238800,https://p.scdn.co/mp3-preview/b48c9876b8fdbb25c1523428b562520daea22b5c?cid=9950ac751e34487dbbe027c4fd7f8e99,False,50,USDBB0680562,spotify:user:isak.sjoholm.,2025-07-18T13:07:21Z,"merengue,salsa",0.786,0.804,8.0,-8.911,0.0,0.0862,0.27,4.29e-05,0.113,0.814,155.017,4.0,,Fania,"C © 1996 Craft Recordings, a division of Concord Music Group, Inc., P ℗ 1996 Craft Recordings, a division of Concord Music Group, Inc."
spotify:track:6oCdQgeMtkYYaT2IZZKMf7,El Ombliguito - Merengue Version,spotify:artist:5AWKC0rd625VHM69d7X2tu,Pochy Y Su Cocoband,spotify:album:0vHcfstrEdO2FG1svbiyM3,El Ombliguito,spotify:artist:5AWKC0rd625VHM69d7X2tu,Pochy Y Su Cocoband,1996-11-19,https://i.scdn.co/image/ab67616d0000b27331673ee8233a8a3e024080d1,1,1,238800,https://p.scdn.co/mp3-preview/b48c9876b8fdbb25c1523428b562520daea22b5c?cid=9950ac751e34487dbbe027c4fd7f8e99,False,50,USDBB0680562,spotify:user:isak.sjoholm.,2025-07-18T13:07:21Z,"merengue,salsa",0.786,0.804,8.0,-8.911,0.0,0.0862,0.27,4.29e-05,0.113,0.814,155.017,4.0,,Fania,"C © 1996 Craft Recordings, a division of Concord Music Group, Inc., P ℗ 1996 Craft Recordings, a division of Concord Music Group, Inc."
spotify:track:67pqYhviehS6U1jEJsB3xS,Me Cuesta Creer,spotify:artist:4ZDoy7AWNgQVmX7T0u0B1j,No Te Va Gustar,spotify:album:6HyHimLPwJgAVkpH7fc8gb,Este Fuerte Viento Que Sopla,spotify:artist:4ZDoy7AWNgQVmX7T0u0B1j,No Te Va Gustar,2002-01-01,https://i.scdn.co/image/ab67616d0000b2734f810f1e550db9a473138b4c,1,7,273000,https://p.scdn.co/mp3-preview/8ea63daa87b53400e9992187866fc732699ffa92?cid=9950ac751e34487dbbe027c4fd7f8e99,False,38,UYB140700007,spotify:user:isak.sjoholm.,2025-07-18T13:13:15Z,"argentinsk rock,murga,latinamerikansk rock,rock en español,latinamerikansk alternativ musik",0.57,0.775,9.0,-4.078,0.0,0.0593,0.0024,0.0,0.036,0.889,155.0,4.0,,Bizarro,"C (C) 2002 Bizarro S.A., P (P) 2002 Bizarro S.A."
spotify:track:67pqYhviehS6U1jEJsB3xS,Me Cuesta Creer,spotify:artist:4ZDoy7AWNgQVmX7T0u0B1j,No Te Va Gustar,spotify:album:6HyHimLPwJgAVkpH7fc8gb,Este Fuerte Viento Que Sopla,spotify:artist:4ZDoy7AWNgQVmX7T0u0B1j,No Te Va Gustar,2002-01-01,https://i.scdn.co/image/ab67616d0000b2734f810f1e550db9a473138b4c,1,7,273000,https://p.scdn.co/mp3-preview/8ea63daa87b53400e9992187866fc732699ffa92?cid=9950ac751e34487dbbe027c4fd7f8e99,False,38,UYB140700007,spotify:user:isak.sjoholm.,2025-07-18T13:13:15Z,"argentinsk rock,murga,latinamerikansk rock,rock en español,latinamerikansk alternativ musik",0.57,0.775,9.0,-4.078,0.0,0.0593,0.0024,0.0,0.036,0.889,155.0,4.0,,Bizarro,"C (C) 2002 Bizarro S.A., P (P) 2002 Bizarro S.A."
spotify:track:2xLMifQCjDGFmkHkpNLD9h,SICKO MODE,spotify:artist:0Y5tJX1MQlPlqiwlOH1tJY,Travis Scott,spotify:album:41GuZcammIkupMPKH2OJ6I,ASTROWORLD,spotify:artist:0Y5tJX1MQlPlqiwlOH1tJY,Travis Scott,2018-08-03,https://i.scdn.co/image/ab67616d0000b273072e9faef2ef7b6db63834a3,1,3,312820,https://p.scdn.co/mp3-preview/8229545ded5cacf393f62b17af653dfc8171fc85?cid=9950ac751e34487dbbe027c4fd7f8e99,True,86,USSM11806660,spotify:user:isak.sjoholm.,2025-04-28T13:16:07Z,rap,0.834,0.73,8.0,-3.714,1.0,0.222,0.00513,0.0,0.124,0.446,155.008,4.0,,Cactus Jack / Epic,"P (P) 2018 Cactus Jack Records, LLC under exclusive licensed to Epic Records, a division of Sony Music Entertainment"
spotify:track:2xLMifQCjDGFmkHkpNLD9h,SICKO MODE,spotify:artist:0Y5tJX1MQlPlqiwlOH1tJY,Travis Scott,spotify:album:41GuZcammIkupMPKH2OJ6I,ASTROWORLD,spotify:artist:0Y5tJX1MQlPlqiwlOH1tJY,Travis Scott,2018-08-03,https://i.scdn.co/image/ab67616d0000b273072e9faef2ef7b6db63834a3,1,3,312820,https://p.scdn.co/mp3-preview/8229545ded5cacf393f62b17af653dfc8171fc85?cid=9950ac751e34487dbbe027c4fd7f8e99,True,86,USSM11806660,spotify:user:isak.sjoholm.,2025-04-28T13:16:07Z,rap,0.834,0.73,8.0,-3.714,1.0,0.222,0.00513,0.0,0.124,0.446,155.008,4.0,,Cactus Jack / Epic,"P (P) 2018 Cactus Jack Records, LLC under exclusive licensed to Epic Records, a division of Sony Music Entertainment"
spotify:track:2xLMifQCjDGFmkHkpNLD9h,SICKO MODE,spotify:artist:0Y5tJX1MQlPlqiwlOH1tJY,Travis Scott,spotify:album:41GuZcammIkupMPKH2OJ6I,ASTROWORLD,spotify:artist:0Y5tJX1MQlPlqiwlOH1tJY,Travis Scott,2018-08-03,https://i.scdn.co/image/ab67616d0000b273072e9faef2ef7b6db63834a3,1,3,312820,https://p.scdn.co/mp3-preview/8229545ded5cacf393f62b17af653dfc8171fc85?cid=9950ac751e34487dbbe027c4fd7f8e99,True,86,USSM11806660,spotify:user:isak.sjoholm.,2025-07-18T13:03:35Z,rap,0.834,0.73,8.0,-3.714,1.0,0.222,0.00513,0.0,0.124,0.446,155.008,4.0,,Cactus Jack / Epic,"P (P) 2018 Cactus Jack Records, LLC under exclusive licensed to Epic Records, a division of Sony Music Entertainment"
spotify:track:2xLMifQCjDGFmkHkpNLD9h,SICKO MODE,spotify:artist:0Y5tJX1MQlPlqiwlOH1tJY,Travis Scott,spotify:album:41GuZcammIkupMPKH2OJ6I,ASTROWORLD,spotify:artist:0Y5tJX1MQlPlqiwlOH1tJY,Travis Scott,2018-08-03,https://i.scdn.co/image/ab67616d0000b273072e9faef2ef7b6db63834a3,1,3,312820,https://p.scdn.co/mp3-preview/8229545ded5cacf393f62b17af653dfc8171fc85?cid=9950ac751e34487dbbe027c4fd7f8e99,True,86,USSM11806660,,2021-01-26T02:49:18Z,rap,0.834,0.73,8.0,-3.714,1.0,0.222,0.00513,0.0,0.124,0.446,155.008,4.0,,Cactus Jack / Epic,"P (P) 2018 Cactus Jack Records, LLC under exclusive licensed to Epic Records, a division of Sony Music Entertainment"
spotify:track:2xLMifQCjDGFmkHkpNLD9h,SICKO MODE,spotify:artist:0Y5tJX1MQlPlqiwlOH1tJY,Travis Scott,spotify:album:41GuZcammIkupMPKH2OJ6I,ASTROWORLD,spotify:artist:0Y5tJX1MQlPlqiwlOH1tJY,Travis Scott,2018-08-03,https://i.scdn.co/image/ab67616d0000b273072e9faef2ef7b6db63834a3,1,3,312820,https://p.scdn.co/mp3-preview/8229545ded5cacf393f62b17af653dfc8171fc85?cid=9950ac751e34487dbbe027c4fd7f8e99,True,86,USSM11806660,spotify:user:isak.sjoholm.,2025-03-02T20:49:45Z,rap,0.834,0.73,8.0,-3.714,1.0,0.222,0.00513,0.0,0.124,0.446,155.008,4.0,,Cactus Jack / Epic,"P (P) 2018 Cactus Jack Records, LLC under exclusive licensed to Epic Records, a division of Sony Music Entertainment"
spotify:track:2xLMifQCjDGFmkHkpNLD9h,SICKO MODE,spotify:artist:0Y5tJX1MQlPlqiwlOH1tJY,Travis Scott,spotify:album:41GuZcammIkupMPKH2OJ6I,ASTROWORLD,spotify:artist:0Y5tJX1MQlPlqiwlOH1tJY,Travis Scott,2018-08-03,https://i.scdn.co/image/ab67616d0000b273072e9faef2ef7b6db63834a3,1,3,312820,https://p.scdn.co/mp3-preview/8229545ded5cacf393f62b17af653dfc8171fc85?cid=9950ac751e34487dbbe027c4fd7f8e99,True,86,USSM11806660,spotify:user:isak.sjoholm.,2025-07-18T13:03:35Z,rap,0.834,0.73,8.0,-3.714,1.0,0.222,0.00513,0.0,0.124,0.446,155.008,4.0,,Cactus Jack / Epic,"P (P) 2018 Cactus Jack Records, LLC under exclusive licensed to Epic Records, a division of Sony Music Entertainment"
spotify:track:2xLMifQCjDGFmkHkpNLD9h,SICKO MODE,spotify:artist:0Y5tJX1MQlPlqiwlOH1tJY,Travis Scott,spotify:album:41GuZcammIkupMPKH2OJ6I,ASTROWORLD,spotify:artist:0Y5tJX1MQlPlqiwlOH1tJY,Travis Scott,2018-08-03,https://i.scdn.co/image/ab67616d0000b273072e9faef2ef7b6db63834a3,1,3,312820,https://p.scdn.co/mp3-preview/8229545ded5cacf393f62b17af653dfc8171fc85?cid=9950ac751e34487dbbe027c4fd7f8e99,True,86,USSM11806660,,2021-01-26T02:49:18Z,rap,0.834,0.73,8.0,-3.714,1.0,0.222,0.00513,0.0,0.124,0.446,155.008,4.0,,Cactus Jack / Epic,"P (P) 2018 Cactus Jack Records, LLC under exclusive licensed to Epic Records, a division of Sony Music Entertainment"
spotify:track:2xLMifQCjDGFmkHkpNLD9h,SICKO MODE,spotify:artist:0Y5tJX1MQlPlqiwlOH1tJY,Travis Scott,spotify:album:41GuZcammIkupMPKH2OJ6I,ASTROWORLD,spotify:artist:0Y5tJX1MQlPlqiwlOH1tJY,Travis Scott,2018-08-03,https://i.scdn.co/image/ab67616d0000b273072e9faef2ef7b6db63834a3,1,3,312820,https://p.scdn.co/mp3-preview/8229545ded5cacf393f62b17af653dfc8171fc85?cid=9950ac751e34487dbbe027c4fd7f8e99,True,86,USSM11806660,spotify:user:isak.sjoholm.,2025-03-02T20:49:45Z,rap,0.834,0.73,8.0,-3.714,1.0,0.222,0.00513,0.0,0.124,0.446,155.008,4.0,,Cactus Jack / Epic,"P (P) 2018 Cactus Jack Records, LLC under exclusive licensed to Epic Records, a division of Sony Music Entertainment"
spotify:track:4uWrIclvxHbzEQodrPmX7p,HEARTBEAT,spotify:artist:3W8kVE6uZx0cTBIkk3SQc3,Nathalie,spotify:album:1BbK1fKw0xg1HK3G0zVNTW,SUPER EUROBEAT presents INITIAL D 〜D SELECTION〜,spotify:artist:0LyfQWJT6nXafLPZqxe9Of,Blandade Artister,1998-07-29,https://i.scdn.co/image/ab67616d0000b273c27e997313531dbc7b01b247,1,10,301366,https://p.scdn.co/mp3-preview/8d29757a2c2bbda13d10b6e6dffa1782a89f7bc6?cid=9950ac751e34487dbbe027c4fd7f8e99,False,44,ITB119700098,spotify:user:isak.sjoholm.,2025-07-18T13:14:23Z,,0.503,0.948,0.0,-5.109,1.0,0.04,0.00075,0.00151,0.0864,0.695,155.016,4.0,,avex trax,P RODGERS & CONTINI RECORDS
spotify:track:4uWrIclvxHbzEQodrPmX7p,HEARTBEAT,spotify:artist:3W8kVE6uZx0cTBIkk3SQc3,Nathalie,spotify:album:1BbK1fKw0xg1HK3G0zVNTW,SUPER EUROBEAT presents INITIAL D 〜D SELECTION〜,spotify:artist:0LyfQWJT6nXafLPZqxe9Of,Blandade Artister,1998-07-29,https://i.scdn.co/image/ab67616d0000b273c27e997313531dbc7b01b247,1,10,301366,https://p.scdn.co/mp3-preview/8d29757a2c2bbda13d10b6e6dffa1782a89f7bc6?cid=9950ac751e34487dbbe027c4fd7f8e99,False,44,ITB119700098,spotify:user:isak.sjoholm.,2025-07-18T13:14:23Z,,0.503,0.948,0.0,-5.109,1.0,0.04,0.00075,0.00151,0.0864,0.695,155.016,4.0,,avex trax,P RODGERS & CONTINI RECORDS
spotify:track:3s81bDAFvPaBG3DNZVKNZ3,Zips,spotify:artist:3jdzcmtw5XOmOkSb2mRDtr,T.M.Revolution,spotify:album:2uHchUeKEjbxqM7nSqrOmH,SEVENTH HEAVEN,spotify:artist:3jdzcmtw5XOmOkSb2mRDtr,T.M.Revolution,2004-08-12,https://i.scdn.co/image/ab67616d0000b273dd55b89b59489f0fd794c7c8,1,3,245266,,False,45,JPES00400103,spotify:user:isak.sjoholm.,2025-07-18T13:14:30Z,"anime,j-rock,j-pop",0.56,0.987,4.0,-2.597,0.0,0.0673,0.000497,6.97e-05,0.321,0.547,155.01,4.0,,Sony Music Labels Inc.,P (P)2004 Sony Music Entertainment (Japan) Inc.
spotify:track:3s81bDAFvPaBG3DNZVKNZ3,Zips,spotify:artist:3jdzcmtw5XOmOkSb2mRDtr,T.M.Revolution,spotify:album:2uHchUeKEjbxqM7nSqrOmH,SEVENTH HEAVEN,spotify:artist:3jdzcmtw5XOmOkSb2mRDtr,T.M.Revolution,2004-08-12,https://i.scdn.co/image/ab67616d0000b273dd55b89b59489f0fd794c7c8,1,3,245266,,False,45,JPES00400103,spotify:user:isak.sjoholm.,2025-07-18T13:14:30Z,"anime,j-rock,j-pop",0.56,0.987,4.0,-2.597,0.0,0.0673,0.000497,6.97e-05,0.321,0.547,155.01,4.0,,Sony Music Labels Inc.,P (P)2004 Sony Music Entertainment (Japan) Inc.
spotify:track:3s81bDAFvPaBG3DNZVKNZ3,Zips,spotify:artist:3jdzcmtw5XOmOkSb2mRDtr,T.M.Revolution,spotify:album:2uHchUeKEjbxqM7nSqrOmH,SEVENTH HEAVEN,spotify:artist:3jdzcmtw5XOmOkSb2mRDtr,T.M.Revolution,2004-08-12,https://i.scdn.co/image/ab67616d0000b273dd55b89b59489f0fd794c7c8,1,3,245266,,False,45,JPES00400103,spotify:user:isak.sjoholm.,2025-07-18T13:14:30Z,"anime,j-rock,j-pop",0.56,0.987,4.0,-2.597,0.0,0.0673,0.000497,6.97e-05,0.321,0.547,155.01,4.0,,Sony Music Labels Inc.,P (P)2004 Sony Music Entertainment (Japan) Inc.
spotify:track:3s81bDAFvPaBG3DNZVKNZ3,Zips,spotify:artist:3jdzcmtw5XOmOkSb2mRDtr,T.M.Revolution,spotify:album:2uHchUeKEjbxqM7nSqrOmH,SEVENTH HEAVEN,spotify:artist:3jdzcmtw5XOmOkSb2mRDtr,T.M.Revolution,2004-08-12,https://i.scdn.co/image/ab67616d0000b273dd55b89b59489f0fd794c7c8,1,3,245266,,False,45,JPES00400103,spotify:user:isak.sjoholm.,2025-07-18T13:14:30Z,"anime,j-rock,j-pop",0.56,0.987,4.0,-2.597,0.0,0.0673,0.000497,6.97e-05,0.321,0.547,155.01,4.0,,Sony Music Labels Inc.,P (P)2004 Sony Music Entertainment (Japan) Inc.
spotify:track:3s81bDAFvPaBG3DNZVKNZ3,Zips,spotify:artist:3jdzcmtw5XOmOkSb2mRDtr,T.M.Revolution,spotify:album:2uHchUeKEjbxqM7nSqrOmH,SEVENTH HEAVEN,spotify:artist:3jdzcmtw5XOmOkSb2mRDtr,T.M.Revolution,2004-08-12,https://i.scdn.co/image/ab67616d0000b273dd55b89b59489f0fd794c7c8,1,3,245266,,False,45,JPES00400103,spotify:user:isak.sjoholm.,2025-07-18T13:14:30Z,"anime,j-rock,j-pop",0.56,0.987,4.0,-2.597,0.0,0.0673,0.000497,6.97e-05,0.321,0.547,155.01,4.0,,Sony Music Labels Inc.,P (P)2004 Sony Music Entertainment (Japan) Inc.
spotify:track:3s81bDAFvPaBG3DNZVKNZ3,Zips,spotify:artist:3jdzcmtw5XOmOkSb2mRDtr,T.M.Revolution,spotify:album:2uHchUeKEjbxqM7nSqrOmH,SEVENTH HEAVEN,spotify:artist:3jdzcmtw5XOmOkSb2mRDtr,T.M.Revolution,2004-08-12,https://i.scdn.co/image/ab67616d0000b273dd55b89b59489f0fd794c7c8,1,3,245266,,False,45,JPES00400103,spotify:user:isak.sjoholm.,2025-07-18T13:14:30Z,"anime,j-rock,j-pop",0.56,0.987,4.0,-2.597,0.0,0.0673,0.000497,6.97e-05,0.321,0.547,155.01,4.0,,Sony Music Labels Inc.,P (P)2004 Sony Music Entertainment (Japan) Inc.
spotify:track:3s81bDAFvPaBG3DNZVKNZ3,Zips,spotify:artist:3jdzcmtw5XOmOkSb2mRDtr,T.M.Revolution,spotify:album:2uHchUeKEjbxqM7nSqrOmH,SEVENTH HEAVEN,spotify:artist:3jdzcmtw5XOmOkSb2mRDtr,T.M.Revolution,2004-08-12,https://i.scdn.co/image/ab67616d0000b273dd55b89b59489f0fd794c7c8,1,3,245266,,False,45,JPES00400103,spotify:user:isak.sjoholm.,2025-07-18T13:14:30Z,"anime,j-rock,j-pop",0.56,0.987,4.0,-2.597,0.0,0.0673,0.000497,6.97e-05,0.321,0.547,155.01,4.0,,Sony Music Labels Inc.,P (P)2004 Sony Music Entertainment (Japan) Inc.
spotify:track:5bNfEhOdYOg3xymezctqvS,10 A.M.,spotify:artist:6IdtcAwaNVAggwd6sCKgTI,Zoé,spotify:album:3UZ0vtpq3mGcr4J0kjveSD,Programaton,spotify:artist:6IdtcAwaNVAggwd6sCKgTI,Zoé,2013-01-01,https://i.scdn.co/image/ab67616d0000b2732fab9c100d51bfb22d5aff6c,1,1,209373,https://p.scdn.co/mp3-preview/353a4a6b99f0fd52a7a3593abf2729ed9c351690?cid=9950ac751e34487dbbe027c4fd7f8e99,False,65,MXUM71300263,spotify:user:isak.sjoholm.,2025-07-18T13:11:14Z,"rock en español,mexikansk rock,mexikansk indie,latinamerikansk alternativ musik,latin indie,latinamerikansk rock",0.516,0.871,1.0,-6.258,0.0,0.0313,0.29,0.0402,0.0781,0.798,155.007,4.0,,Universal Music Mexico,"C © 2013 EMI Music Mexico S.A. De C.V, P ℗ 2013 EMI Music Mexico S.A. De C.V"
spotify:track:5bNfEhOdYOg3xymezctqvS,10 A.M.,spotify:artist:6IdtcAwaNVAggwd6sCKgTI,Zoé,spotify:album:3UZ0vtpq3mGcr4J0kjveSD,Programaton,spotify:artist:6IdtcAwaNVAggwd6sCKgTI,Zoé,2013-01-01,https://i.scdn.co/image/ab67616d0000b2732fab9c100d51bfb22d5aff6c,1,1,209373,https://p.scdn.co/mp3-preview/353a4a6b99f0fd52a7a3593abf2729ed9c351690?cid=9950ac751e34487dbbe027c4fd7f8e99,False,65,MXUM71300263,spotify:user:isak.sjoholm.,2025-07-18T13:11:14Z,"rock en español,mexikansk rock,mexikansk indie,latinamerikansk alternativ musik,latin indie,latinamerikansk rock",0.516,0.871,1.0,-6.258,0.0,0.0313,0.29,0.0402,0.0781,0.798,155.007,4.0,,Universal Music Mexico,"C © 2013 EMI Music Mexico S.A. De C.V, P ℗ 2013 EMI Music Mexico S.A. De C.V"
spotify:track:41PglJOMdY1U8gXKLsBgOD,Dåseduft i luften,spotify:artist:2dh1WbK0gYa9IrPVnXI0L3,"Kjell ""Kjellen"" Bigset",spotify:album:0QYZCaASyNXjoeCsPQbFfL,Dåseduft i luften,spotify:artist:2dh1WbK0gYa9IrPVnXI0L3,"Kjell ""Kjellen"" Bigset",2013-09-10,https://i.scdn.co/image/ab67616d0000b273d67dfab200479738f628aa3a,1,1,169479,https://p.scdn.co/mp3-preview/7800036e05c3c5f8d178cae9fe0a9c83c07ebeed?cid=9950ac751e34487dbbe027c4fd7f8e99,False,38,SEYOK1318001,spotify:user:isak.sjoholm.,2025-07-18T13:18:30Z,"dansband,norsk pop",0.624,0.844,9.0,-4.379,1.0,0.05,0.0941,1.38e-05,0.588,0.941,155.0,4.0,,Fjord1,"C 2013 Klypa, P 2013 Klypa"
spotify:track:41PglJOMdY1U8gXKLsBgOD,Dåseduft i luften,spotify:artist:2dh1WbK0gYa9IrPVnXI0L3,"Kjell ""Kjellen"" Bigset",spotify:album:0QYZCaASyNXjoeCsPQbFfL,Dåseduft i luften,spotify:artist:2dh1WbK0gYa9IrPVnXI0L3,"Kjell ""Kjellen"" Bigset",2013-09-10,https://i.scdn.co/image/ab67616d0000b273d67dfab200479738f628aa3a,1,1,169479,https://p.scdn.co/mp3-preview/7800036e05c3c5f8d178cae9fe0a9c83c07ebeed?cid=9950ac751e34487dbbe027c4fd7f8e99,False,38,SEYOK1318001,spotify:user:isak.sjoholm.,2025-07-18T13:18:30Z,"dansband,norsk pop",0.624,0.844,9.0,-4.379,1.0,0.05,0.0941,1.38e-05,0.588,0.941,155.0,4.0,,Fjord1,"C 2013 Klypa, P 2013 Klypa"
spotify:track:5KlvaeDCaT9NwTzT1YEYkw,Speleman,spotify:artist:0kWWPlF3hudGPbahg5Xt9n,Vikingarna,spotify:album:5bj66oQlfiVWfV8zjLwzLX,Kramgoa Låtar 17,spotify:artist:0kWWPlF3hudGPbahg5Xt9n,Vikingarna,1989,https://i.scdn.co/image/ab67616d0000b27368c37285360dfa8c661f229b,1,1,166720,https://p.scdn.co/mp3-preview/80758d4efd0d8af16913c8f18d0acaf012c50e50?cid=9950ac751e34487dbbe027c4fd7f8e99,False,34,SEAOF8902010,spotify:user:isak.sjoholm.,2025-07-18T13:08:17Z,dansband,0.621,0.954,11.0,-5.227,1.0,0.0338,0.75,7.2e-05,0.205,0.981,155.013,4.0,,Parlophone Sweden,"C © 1989 Nordiska Musik Gruppen/Parlophone Music Sweden AB This Labelcopy information is the subject of Copyright Protection. All rights reserved. (C) 1989 Parlophone Music Sweden AB, P ℗ 1989 The copyright in this sound recording is owned by Nordiska Musik Gruppen/Parlophone Music Sweden AB"
spotify:track:5KlvaeDCaT9NwTzT1YEYkw,Speleman,spotify:artist:0kWWPlF3hudGPbahg5Xt9n,Vikingarna,spotify:album:5bj66oQlfiVWfV8zjLwzLX,Kramgoa Låtar 17,spotify:artist:0kWWPlF3hudGPbahg5Xt9n,Vikingarna,1989,https://i.scdn.co/image/ab67616d0000b27368c37285360dfa8c661f229b,1,1,166720,https://p.scdn.co/mp3-preview/80758d4efd0d8af16913c8f18d0acaf012c50e50?cid=9950ac751e34487dbbe027c4fd7f8e99,False,34,SEAOF8902010,spotify:user:isak.sjoholm.,2025-07-18T13:08:17Z,dansband,0.621,0.954,11.0,-5.227,1.0,0.0338,0.75,7.2e-05,0.205,0.981,155.013,4.0,,Parlophone Sweden,"C © 1989 Nordiska Musik Gruppen/Parlophone Music Sweden AB This Labelcopy information is the subject of Copyright Protection. All rights reserved. (C) 1989 Parlophone Music Sweden AB, P ℗ 1989 The copyright in this sound recording is owned by Nordiska Musik Gruppen/Parlophone Music Sweden AB"
spotify:track:1zqllQUMCgMaInr0CzFVll,Wake Up Call,spotify:artist:04gDigrS5kc9YWfZHwBETP,Maroon 5,spotify:album:29hJ8AFYZU98OzenrMr6iU,It Won't Be Soon Before Long.,spotify:artist:04gDigrS5kc9YWfZHwBETP,Maroon 5,2007-01-01,https://i.scdn.co/image/ab67616d0000b2739741173cf2b32dab39424538,1,4,201306,https://p.scdn.co/mp3-preview/b72d1323907fd6474d60e3137b79a2e5200a4975?cid=9950ac751e34487dbbe027c4fd7f8e99,False,59,USUM70731561,spotify:user:isak.sjoholm.,2025-07-18T13:16:09Z,pop,0.631,0.949,4.0,-2.671,0.0,0.0593,0.0302,0.0,0.0871,0.968,164.11,4.0,,Interscope Records*,"C © 2007 A&M/Octone Records, P ℗ 2007 Interscope Records"
spotify:track:1zqllQUMCgMaInr0CzFVll,Wake Up Call,spotify:artist:04gDigrS5kc9YWfZHwBETP,Maroon 5,spotify:album:29hJ8AFYZU98OzenrMr6iU,It Won't Be Soon Before Long.,spotify:artist:04gDigrS5kc9YWfZHwBETP,Maroon 5,2007-01-01,https://i.scdn.co/image/ab67616d0000b2739741173cf2b32dab39424538,1,4,201306,https://p.scdn.co/mp3-preview/b72d1323907fd6474d60e3137b79a2e5200a4975?cid=9950ac751e34487dbbe027c4fd7f8e99,False,59,USUM70731561,spotify:user:isak.sjoholm.,2025-07-18T13:16:09Z,pop,0.631,0.949,4.0,-2.671,0.0,0.0593,0.0302,0.0,0.0871,0.968,164.11,4.0,,Interscope Records*,"C © 2007 A&M/Octone Records, P ℗ 2007 Interscope Records"
spotify:track:1zqllQUMCgMaInr0CzFVll,Wake Up Call,spotify:artist:04gDigrS5kc9YWfZHwBETP,Maroon 5,spotify:album:29hJ8AFYZU98OzenrMr6iU,It Won't Be Soon Before Long.,spotify:artist:04gDigrS5kc9YWfZHwBETP,Maroon 5,2007-01-01,https://i.scdn.co/image/ab67616d0000b2739741173cf2b32dab39424538,1,4,201306,https://p.scdn.co/mp3-preview/b72d1323907fd6474d60e3137b79a2e5200a4975?cid=9950ac751e34487dbbe027c4fd7f8e99,False,59,USUM70731561,spotify:user:isak.sjoholm.,2025-07-18T13:16:09Z,pop,0.631,0.949,4.0,-2.671,0.0,0.0593,0.0302,0.0,0.0871,0.968,164.11,4.0,,Interscope Records*,"C © 2007 A&M/Octone Records, P ℗ 2007 Interscope Records"
spotify:track:2Q9F3D53QeclwbsY24cuxO,Incredible,"spotify:artist:2KDNAkR001T3BGyYYTOSN4, spotify:artist:2bHgAaZ7qbGbMMXwAQm48I","M-Beat, General Levy",spotify:album:2AA3AFHAMtp2J0nUVxv1kh,Knowledge,spotify:artist:2KDNAkR001T3BGyYYTOSN4,M-Beat,1996,https://i.scdn.co/image/ab67616d0000b2737890996251fa54e14dfc6367,1,1,269866,https://p.scdn.co/mp3-preview/eb290cf91e52175fe548719779c49506d662ad50?cid=9950ac751e34487dbbe027c4fd7f8e99,False,58,USA560960926,spotify:user:isak.sjoholm.,2025-07-18T13:09:19Z,"Jungle,drum and bass,Jungle,ragga,drum and bass",0.807,0.903,4.0,-11.09,1.0,0.113,0.211,3.13e-06,0.0565,0.94,165.034,4.0,,Renk Records,C (C) 2009 Renk Records
spotify:track:2Q9F3D53QeclwbsY24cuxO,Incredible,"spotify:artist:2KDNAkR001T3BGyYYTOSN4, spotify:artist:2bHgAaZ7qbGbMMXwAQm48I","M-Beat, General Levy",spotify:album:2AA3AFHAMtp2J0nUVxv1kh,Knowledge,spotify:artist:2KDNAkR001T3BGyYYTOSN4,M-Beat,1996,https://i.scdn.co/image/ab67616d0000b2737890996251fa54e14dfc6367,1,1,269866,https://p.scdn.co/mp3-preview/eb290cf91e52175fe548719779c49506d662ad50?cid=9950ac751e34487dbbe027c4fd7f8e99,False,58,USA560960926,spotify:user:isak.sjoholm.,2025-07-18T13:09:19Z,"Jungle,drum and bass,Jungle,ragga,drum and bass",0.807,0.903,4.0,-11.09,1.0,0.113,0.211,3.13e-06,0.0565,0.94,165.034,4.0,,Renk Records,C (C) 2009 Renk Records
spotify:track:2Q9F3D53QeclwbsY24cuxO,Incredible,"spotify:artist:2KDNAkR001T3BGyYYTOSN4, spotify:artist:2bHgAaZ7qbGbMMXwAQm48I","M-Beat, General Levy",spotify:album:2AA3AFHAMtp2J0nUVxv1kh,Knowledge,spotify:artist:2KDNAkR001T3BGyYYTOSN4,M-Beat,1996,https://i.scdn.co/image/ab67616d0000b2737890996251fa54e14dfc6367,1,1,269866,https://p.scdn.co/mp3-preview/eb290cf91e52175fe548719779c49506d662ad50?cid=9950ac751e34487dbbe027c4fd7f8e99,False,58,USA560960926,spotify:user:isak.sjoholm.,2025-07-18T13:09:19Z,"Jungle,drum and bass,Jungle,ragga,drum and bass",0.807,0.903,4.0,-11.09,1.0,0.113,0.211,3.13e-06,0.0565,0.94,165.034,4.0,,Renk Records,C (C) 2009 Renk Records
spotify:track:0zTXYnzQ5XKaztvGmjhIMH,Carta a un Amigo,spotify:artist:3YXV0Ed1NtUyaR9WJF2JID,Chili Fernandez,spotify:album:0UGDmfSsIRfA2YWlkmcaCp,Mensajero del Amor,spotify:artist:3YXV0Ed1NtUyaR9WJF2JID,Chili Fernandez,2006-05-15,https://i.scdn.co/image/ab67616d0000b273b7b62ae44a84067931719d96,1,12,179266,https://p.scdn.co/mp3-preview/f056eac4cf530f2c0d41533ca3c0997e61a54158?cid=9950ac751e34487dbbe027c4fd7f8e99,False,40,ARG991031098,spotify:user:isak.sjoholm.,2025-07-18T13:13:17Z,"cumbia,cuarteto",0.746,0.75,2.0,-7.056,1.0,0.0624,0.176,0.0,0.315,0.948,155.02,4.0,,Magenta,"C (C) 2006 Magenta, P (P) 2006 Magenta"
spotify:track:0zTXYnzQ5XKaztvGmjhIMH,Carta a un Amigo,spotify:artist:3YXV0Ed1NtUyaR9WJF2JID,Chili Fernandez,spotify:album:0UGDmfSsIRfA2YWlkmcaCp,Mensajero del Amor,spotify:artist:3YXV0Ed1NtUyaR9WJF2JID,Chili Fernandez,2006-05-15,https://i.scdn.co/image/ab67616d0000b273b7b62ae44a84067931719d96,1,12,179266,https://p.scdn.co/mp3-preview/f056eac4cf530f2c0d41533ca3c0997e61a54158?cid=9950ac751e34487dbbe027c4fd7f8e99,False,40,ARG991031098,spotify:user:isak.sjoholm.,2025-07-18T13:13:17Z,"cumbia,cuarteto",0.746,0.75,2.0,-7.056,1.0,0.0624,0.176,0.0,0.315,0.948,155.02,4.0,,Magenta,"C (C) 2006 Magenta, P (P) 2006 Magenta"
spotify:track:36h7c15AC57FkeiMAQNmgT,Happy Moment - Extended Version,spotify:artist:4lGFfS2PklJR5CAgQJzwOx,Two Good,spotify:album:2Tf0m8KkzOOwHalbNAUAsY,Happy Moment,spotify:artist:4lGFfS2PklJR5CAgQJzwOx,Two Good,1996-04-02,https://i.scdn.co/image/ab67616d0000b273aaf5c785ee8aab948b760533,1,1,325840,https://p.scdn.co/mp3-preview/f369c26e3f493657a79cb6b46ee3103db87153c4?cid=9950ac751e34487dbbe027c4fd7f8e99,False,32,ES5299600258,spotify:user:isak.sjoholm.,2025-07-18T13:18:48Z,,0.755,0.996,6.0,-9.491,0.0,0.0863,0.000783,0.896,0.0549,0.871,156.122,4.0,,Bit Music,"C Divucsa Music, SAU, P Marina Music Publishing SLU"
spotify:track:36h7c15AC57FkeiMAQNmgT,Happy Moment - Extended Version,spotify:artist:4lGFfS2PklJR5CAgQJzwOx,Two Good,spotify:album:2Tf0m8KkzOOwHalbNAUAsY,Happy Moment,spotify:artist:4lGFfS2PklJR5CAgQJzwOx,Two Good,1996-04-02,https://i.scdn.co/image/ab67616d0000b273aaf5c785ee8aab948b760533,1,1,325840,https://p.scdn.co/mp3-preview/f369c26e3f493657a79cb6b46ee3103db87153c4?cid=9950ac751e34487dbbe027c4fd7f8e99,False,32,ES5299600258,spotify:user:isak.sjoholm.,2025-07-18T13:18:48Z,,0.755,0.996,6.0,-9.491,0.0,0.0863,0.000783,0.896,0.0549,0.871,156.122,4.0,,Bit Music,"C Divucsa Music, SAU, P Marina Music Publishing SLU"
spotify:track:36h7c15AC57FkeiMAQNmgT,Happy Moment - Extended Version,spotify:artist:4lGFfS2PklJR5CAgQJzwOx,Two Good,spotify:album:2Tf0m8KkzOOwHalbNAUAsY,Happy Moment,spotify:artist:4lGFfS2PklJR5CAgQJzwOx,Two Good,1996-04-02,https://i.scdn.co/image/ab67616d0000b273aaf5c785ee8aab948b760533,1,1,325840,https://p.scdn.co/mp3-preview/f369c26e3f493657a79cb6b46ee3103db87153c4?cid=9950ac751e34487dbbe027c4fd7f8e99,False,32,ES5299600258,spotify:user:isak.sjoholm.,2025-07-18T13:18:48Z,,0.755,0.996,6.0,-9.491,0.0,0.0863,0.000783,0.896,0.0549,0.871,156.122,4.0,,Bit Music,"C Divucsa Music, SAU, P Marina Music Publishing SLU"
spotify:track:7nKOPOosPKm9M4KeTdmuMp,Wake Up Call,spotify:artist:04gDigrS5kc9YWfZHwBETP,Maroon 5,spotify:album:2Zp8p8ZO12s6ThkT5DCJrb,It Won't Be Soon Before Long,spotify:artist:04gDigrS5kc9YWfZHwBETP,Maroon 5,2007,https://i.scdn.co/image/ab67616d0000b2739c6ee81163060d7883de2dda,1,4,201306,https://p.scdn.co/mp3-preview/b72d1323907fd6474d60e3137b79a2e5200a4975?cid=9950ac751e34487dbbe027c4fd7f8e99,False,55,USUM70731561,spotify:user:isak.sjoholm.,2025-07-18T13:07:31Z,pop,0.631,0.949,4.0,-2.671,0.0,0.0591,0.0302,0.0,0.0882,0.969,164.118,4.0,,Interscope Records*,"C © 2008 A&M/Octone Records, P ℗ 2008 Interscope Records"
spotify:track:7nKOPOosPKm9M4KeTdmuMp,Wake Up Call,spotify:artist:04gDigrS5kc9YWfZHwBETP,Maroon 5,spotify:album:2Zp8p8ZO12s6ThkT5DCJrb,It Won't Be Soon Before Long,spotify:artist:04gDigrS5kc9YWfZHwBETP,Maroon 5,2007,https://i.scdn.co/image/ab67616d0000b2739c6ee81163060d7883de2dda,1,4,201306,https://p.scdn.co/mp3-preview/b72d1323907fd6474d60e3137b79a2e5200a4975?cid=9950ac751e34487dbbe027c4fd7f8e99,False,55,USUM70731561,spotify:user:isak.sjoholm.,2025-07-18T13:07:31Z,pop,0.631,0.949,4.0,-2.671,0.0,0.0591,0.0302,0.0,0.0882,0.969,164.118,4.0,,Interscope Records*,"C © 2008 A&M/Octone Records, P ℗ 2008 Interscope Records"
spotify:track:7nKOPOosPKm9M4KeTdmuMp,Wake Up Call,spotify:artist:04gDigrS5kc9YWfZHwBETP,Maroon 5,spotify:album:2Zp8p8ZO12s6ThkT5DCJrb,It Won't Be Soon Before Long,spotify:artist:04gDigrS5kc9YWfZHwBETP,Maroon 5,2007,https://i.scdn.co/image/ab67616d0000b2739c6ee81163060d7883de2dda,1,4,201306,https://p.scdn.co/mp3-preview/b72d1323907fd6474d60e3137b79a2e5200a4975?cid=9950ac751e34487dbbe027c4fd7f8e99,False,55,USUM70731561,spotify:user:isak.sjoholm.,2025-07-18T13:07:31Z,pop,0.631,0.949,4.0,-2.671,0.0,0.0591,0.0302,0.0,0.0882,0.969,164.118,4.0,,Interscope Records*,"C © 2008 A&M/Octone Records, P ℗ 2008 Interscope Records"
spotify:track:2hsA9YWuF3C9Gosi4dpjJN,Negro,spotify:artist:1vyhD5VmyZ7KMfW5gqLgo5,J Balvin,spotify:album:2mX8ktJoWvyidWBU9U8Jis,Colores,spotify:artist:1vyhD5VmyZ7KMfW5gqLgo5,J Balvin,2020-03-19,https://i.scdn.co/image/ab67616d0000b27335692baca45542527d742d0d,1,7,182093,https://p.scdn.co/mp3-preview/eead43aebdb42d822bb40e4e2720da0756986ebe?cid=9950ac751e34487dbbe027c4fd7f8e99,False,63,USUM72001734,spotify:user:isak.sjoholm.,2025-07-18T13:07:46Z,"reggaeton,latino",0.796,0.911,0.0,-2.228,1.0,0.0874,0.0157,0.196,0.131,0.799,164.082,4.0,,UMLE - Latino,"C © 2020 UMG Recordings, Inc., P ℗ 2020 UMG Recordings, Inc."
spotify:track:2hsA9YWuF3C9Gosi4dpjJN,Negro,spotify:artist:1vyhD5VmyZ7KMfW5gqLgo5,J Balvin,spotify:album:2mX8ktJoWvyidWBU9U8Jis,Colores,spotify:artist:1vyhD5VmyZ7KMfW5gqLgo5,J Balvin,2020-03-19,https://i.scdn.co/image/ab67616d0000b27335692baca45542527d742d0d,1,7,182093,https://p.scdn.co/mp3-preview/eead43aebdb42d822bb40e4e2720da0756986ebe?cid=9950ac751e34487dbbe027c4fd7f8e99,False,63,USUM72001734,spotify:user:isak.sjoholm.,2025-07-18T13:07:46Z,"reggaeton,latino",0.796,0.911,0.0,-2.228,1.0,0.0874,0.0157,0.196,0.131,0.799,164.082,4.0,,UMLE - Latino,"C © 2020 UMG Recordings, Inc., P ℗ 2020 UMG Recordings, Inc."
spotify:track:2hsA9YWuF3C9Gosi4dpjJN,Negro,spotify:artist:1vyhD5VmyZ7KMfW5gqLgo5,J Balvin,spotify:album:2mX8ktJoWvyidWBU9U8Jis,Colores,spotify:artist:1vyhD5VmyZ7KMfW5gqLgo5,J Balvin,2020-03-19,https://i.scdn.co/image/ab67616d0000b27335692baca45542527d742d0d,1,7,182093,https://p.scdn.co/mp3-preview/eead43aebdb42d822bb40e4e2720da0756986ebe?cid=9950ac751e34487dbbe027c4fd7f8e99,False,63,USUM72001734,spotify:user:isak.sjoholm.,2025-07-18T13:07:46Z,"reggaeton,latino",0.796,0.911,0.0,-2.228,1.0,0.0874,0.0157,0.196,0.131,0.799,164.082,4.0,,UMLE - Latino,"C © 2020 UMG Recordings, Inc., P ℗ 2020 UMG Recordings, Inc."
spotify:track:1BBotmY58mifFRvQvhFpjW,Wake Up Call,spotify:artist:04gDigrS5kc9YWfZHwBETP,Maroon 5,spotify:album:2RUHJZ3raiIDsR3yX4JXf5,It Won't Be Soon Before Long (International Version),spotify:artist:04gDigrS5kc9YWfZHwBETP,Maroon 5,2007-01-01,https://i.scdn.co/image/ab67616d0000b273515b72d7c72fc65b017a87ea,1,4,201306,https://p.scdn.co/mp3-preview/268b44d30eff26761839b55d7581a70f23519f58?cid=9950ac751e34487dbbe027c4fd7f8e99,False,54,USUM70731561,spotify:user:isak.sjoholm.,2025-07-18T13:14:32Z,pop,0.631,0.949,4.0,-2.671,0.0,0.0593,0.0302,0.0,0.0871,0.968,164.11,4.0,,Interscope Records*,"C © 2007 A&M/Octone Records, P ℗ 2007 Interscope Records"
spotify:track:1BBotmY58mifFRvQvhFpjW,Wake Up Call,spotify:artist:04gDigrS5kc9YWfZHwBETP,Maroon 5,spotify:album:2RUHJZ3raiIDsR3yX4JXf5,It Won't Be Soon Before Long (International Version),spotify:artist:04gDigrS5kc9YWfZHwBETP,Maroon 5,2007-01-01,https://i.scdn.co/image/ab67616d0000b273515b72d7c72fc65b017a87ea,1,4,201306,https://p.scdn.co/mp3-preview/268b44d30eff26761839b55d7581a70f23519f58?cid=9950ac751e34487dbbe027c4fd7f8e99,False,54,USUM70731561,spotify:user:isak.sjoholm.,2025-07-18T13:14:32Z,pop,0.631,0.949,4.0,-2.671,0.0,0.0593,0.0302,0.0,0.0871,0.968,164.11,4.0,,Interscope Records*,"C © 2007 A&M/Octone Records, P ℗ 2007 Interscope Records"
spotify:track:1BBotmY58mifFRvQvhFpjW,Wake Up Call,spotify:artist:04gDigrS5kc9YWfZHwBETP,Maroon 5,spotify:album:2RUHJZ3raiIDsR3yX4JXf5,It Won't Be Soon Before Long (International Version),spotify:artist:04gDigrS5kc9YWfZHwBETP,Maroon 5,2007-01-01,https://i.scdn.co/image/ab67616d0000b273515b72d7c72fc65b017a87ea,1,4,201306,https://p.scdn.co/mp3-preview/268b44d30eff26761839b55d7581a70f23519f58?cid=9950ac751e34487dbbe027c4fd7f8e99,False,54,USUM70731561,spotify:user:isak.sjoholm.,2025-07-18T13:14:32Z,pop,0.631,0.949,4.0,-2.671,0.0,0.0593,0.0302,0.0,0.0871,0.968,164.11,4.0,,Interscope Records*,"C © 2007 A&M/Octone Records, P ℗ 2007 Interscope Records"
spotify:track:7ijKiZJhTKWVPn4zk9A8r7,Doomsday,spotify:artist:3V4c44pHzC8apm8HiiFF6V,Overseer,spotify:album:6niSmIWp5Pgl3pyMndWSKx,Wreckage,spotify:artist:3V4c44pHzC8apm8HiiFF6V,Overseer,1997,https://i.scdn.co/image/ab67616d0000b2739d7d8f8bc1f078625a1ce1b0,1,8,193693,https://p.scdn.co/mp3-preview/6f014662022df055f55e263318a5f2211225bc70?cid=9950ac751e34487dbbe027c4fd7f8e99,False,48,USSM10207749,spotify:user:isak.sjoholm.,2025-07-18T13:12:41Z,"big beat,breakbeat",0.66,0.812,2.0,-7.645,1.0,0.0813,0.00346,0.00232,0.341,0.785,155.01,4.0,,Columbia,"P (P) 1997, 1999, 2000, 2001, 2003 Sony Music Entertainment Inc."
spotify:track:7ijKiZJhTKWVPn4zk9A8r7,Doomsday,spotify:artist:3V4c44pHzC8apm8HiiFF6V,Overseer,spotify:album:6niSmIWp5Pgl3pyMndWSKx,Wreckage,spotify:artist:3V4c44pHzC8apm8HiiFF6V,Overseer,1997,https://i.scdn.co/image/ab67616d0000b2739d7d8f8bc1f078625a1ce1b0,1,8,193693,https://p.scdn.co/mp3-preview/6f014662022df055f55e263318a5f2211225bc70?cid=9950ac751e34487dbbe027c4fd7f8e99,False,48,USSM10207749,spotify:user:isak.sjoholm.,2025-07-18T13:12:41Z,"big beat,breakbeat",0.66,0.812,2.0,-7.645,1.0,0.0813,0.00346,0.00232,0.341,0.785,155.01,4.0,,Columbia,"P (P) 1997, 1999, 2000, 2001, 2003 Sony Music Entertainment Inc."
spotify:track:6kcEb1xJwmZmy20pR9ITa2,Rock Wit'cha,spotify:artist:62sPt3fswraiEPnKQpAbdE,Bobby Brown,spotify:album:45h9TCnlSKB4P2ytSKxKSf,Don't Be Cruel (Expanded Edition),spotify:artist:62sPt3fswraiEPnKQpAbdE,Bobby Brown,1988-06-20,https://i.scdn.co/image/ab67616d0000b273fd11db8e2ee0db27f2ed796d,1,5,289466,https://p.scdn.co/mp3-preview/089c7210b4877a0f9f7f6c4758e5ca1d391ae680?cid=9950ac751e34487dbbe027c4fd7f8e99,False,29,USMC18725846,spotify:user:isak.sjoholm.,2025-07-18T13:21:51Z,new jack swing,0.689,0.716,11.0,-8.944,0.0,0.0432,0.0313,1.83e-06,0.0932,0.928,155.018,4.0,,Geffen,"C © 2017 UMG Recordings, Inc., P ℗ 2017 UMG Recordings, Inc."
spotify:track:6kcEb1xJwmZmy20pR9ITa2,Rock Wit'cha,spotify:artist:62sPt3fswraiEPnKQpAbdE,Bobby Brown,spotify:album:45h9TCnlSKB4P2ytSKxKSf,Don't Be Cruel (Expanded Edition),spotify:artist:62sPt3fswraiEPnKQpAbdE,Bobby Brown,1988-06-20,https://i.scdn.co/image/ab67616d0000b273fd11db8e2ee0db27f2ed796d,1,5,289466,https://p.scdn.co/mp3-preview/089c7210b4877a0f9f7f6c4758e5ca1d391ae680?cid=9950ac751e34487dbbe027c4fd7f8e99,False,29,USMC18725846,spotify:user:isak.sjoholm.,2025-07-18T13:21:51Z,new jack swing,0.689,0.716,11.0,-8.944,0.0,0.0432,0.0313,1.83e-06,0.0932,0.928,155.018,4.0,,Geffen,"C © 2017 UMG Recordings, Inc., P ℗ 2017 UMG Recordings, Inc."
spotify:track:78fL0aQqgnrqVtOyZCIQpX,Fuck Dig (Centrum) [feat. LUNA],"spotify:artist:323gjVOWgnKGW3VuT8VKTx, spotify:artist:6Hqtg7z00eJ2cHQIBLiwmj","Skinz, LUNA",spotify:album:6Bo1wTiqbhxcOW8TMEpgEk,Fuck Dig (Centrum) [feat. LUNA],spotify:artist:323gjVOWgnKGW3VuT8VKTx,Skinz,2020-06-16,https://i.scdn.co/image/ab67616d0000b2733e11ab138f5245ec9eec4888,1,1,182453,https://p.scdn.co/mp3-preview/d0d3643da7e228473f584acf88193a01f480c7ab?cid=9950ac751e34487dbbe027c4fd7f8e99,True,31,DKAZA2000116,spotify:user:isak.sjoholm.,2025-07-18T13:16:45Z,,0.549,0.913,9.0,-5.032,1.0,0.0633,0.047,0.0,0.183,0.772,155.011,4.0,,WM Denmark,"C © 2020 Warner Music Denmark A/S, P ℗ 2020 Warner Music Denmark A/S"
spotify:track:78fL0aQqgnrqVtOyZCIQpX,Fuck Dig (Centrum) [feat. LUNA],"spotify:artist:323gjVOWgnKGW3VuT8VKTx, spotify:artist:6Hqtg7z00eJ2cHQIBLiwmj","Skinz, LUNA",spotify:album:6Bo1wTiqbhxcOW8TMEpgEk,Fuck Dig (Centrum) [feat. LUNA],spotify:artist:323gjVOWgnKGW3VuT8VKTx,Skinz,2020-06-16,https://i.scdn.co/image/ab67616d0000b2733e11ab138f5245ec9eec4888,1,1,182453,https://p.scdn.co/mp3-preview/d0d3643da7e228473f584acf88193a01f480c7ab?cid=9950ac751e34487dbbe027c4fd7f8e99,True,31,DKAZA2000116,spotify:user:isak.sjoholm.,2025-07-18T13:16:45Z,,0.549,0.913,9.0,-5.032,1.0,0.0633,0.047,0.0,0.183,0.772,155.011,4.0,,WM Denmark,"C © 2020 Warner Music Denmark A/S, P ℗ 2020 Warner Music Denmark A/S"
spotify:track:2x4JC9TxW2LACuuxbsncfG,Mockingbird,"spotify:artist:2o5jDhtHVPhrJdv3cEQ99Z, spotify:artist:73jBynjsVtofjRpdpRAJGk, spotify:artist:5ENS85nZShljwNgg4wFD7D","Tiësto, Dimitri Vegas & Like Mike, Gabry Ponte",spotify:album:22dOSFgcI8e3gJbHpG5gYg,Mockingbird,"spotify:artist:2o5jDhtHVPhrJdv3cEQ99Z, spotify:artist:73jBynjsVtofjRpdpRAJGk, spotify:artist:5ENS85nZShljwNgg4wFD7D","Tiësto, Dimitri Vegas & Like Mike, Gabry Ponte",2024-05-03,https://i.scdn.co/image/ab67616d0000b27354c1bef6858339be680efff1,1,1,154838,https://p.scdn.co/mp3-preview/30c27bafff4e325abec408b4d84f7541e9991445?cid=9950ac751e34487dbbe027c4fd7f8e99,False,79,NLZ542400299,spotify:user:isak.sjoholm.,2025-02-09T20:00:34Z,"edm,trance,big room,house,dance,big room,electronica,edm,electro,slap house,italodance",0.656,0.857,6.0,-5.473,0.0,0.103,0.065,0.0131,0.0814,0.395,155.011,4.0,,Musical Freedom,"C © 2024 Musical Freedom Label Ltd., P ℗ 2024 Musical Freedom Label Ltd."
spotify:track:2x4JC9TxW2LACuuxbsncfG,Mockingbird,"spotify:artist:2o5jDhtHVPhrJdv3cEQ99Z, spotify:artist:73jBynjsVtofjRpdpRAJGk, spotify:artist:5ENS85nZShljwNgg4wFD7D","Tiësto, Dimitri Vegas & Like Mike, Gabry Ponte",spotify:album:22dOSFgcI8e3gJbHpG5gYg,Mockingbird,"spotify:artist:2o5jDhtHVPhrJdv3cEQ99Z, spotify:artist:73jBynjsVtofjRpdpRAJGk, spotify:artist:5ENS85nZShljwNgg4wFD7D","Tiësto, Dimitri Vegas & Like Mike, Gabry Ponte",2024-05-03,https://i.scdn.co/image/ab67616d0000b27354c1bef6858339be680efff1,1,1,154838,https://p.scdn.co/mp3-preview/30c27bafff4e325abec408b4d84f7541e9991445?cid=9950ac751e34487dbbe027c4fd7f8e99,False,79,NLZ542400299,spotify:user:isak.sjoholm.,2025-02-09T20:00:34Z,"edm,trance,big room,house,dance,big room,electronica,edm,electro,slap house,italodance",0.656,0.857,6.0,-5.473,0.0,0.103,0.065,0.0131,0.0814,0.395,155.011,4.0,,Musical Freedom,"C © 2024 Musical Freedom Label Ltd., P ℗ 2024 Musical Freedom Label Ltd."
spotify:track:2x4JC9TxW2LACuuxbsncfG,Mockingbird,"spotify:artist:2o5jDhtHVPhrJdv3cEQ99Z, spotify:artist:73jBynjsVtofjRpdpRAJGk, spotify:artist:5ENS85nZShljwNgg4wFD7D","Tiësto, Dimitri Vegas & Like Mike, Gabry Ponte",spotify:album:22dOSFgcI8e3gJbHpG5gYg,Mockingbird,"spotify:artist:2o5jDhtHVPhrJdv3cEQ99Z, spotify:artist:73jBynjsVtofjRpdpRAJGk, spotify:artist:5ENS85nZShljwNgg4wFD7D","Tiësto, Dimitri Vegas & Like Mike, Gabry Ponte",2024-05-03,https://i.scdn.co/image/ab67616d0000b27354c1bef6858339be680efff1,1,1,154838,https://p.scdn.co/mp3-preview/30c27bafff4e325abec408b4d84f7541e9991445?cid=9950ac751e34487dbbe027c4fd7f8e99,False,79,NLZ542400299,spotify:user:isak.sjoholm.,2025-02-09T20:00:34Z,"edm,trance,big room,house,dance,big room,electronica,edm,electro,slap house,italodance",0.656,0.857,6.0,-5.473,0.0,0.103,0.065,0.0131,0.0814,0.395,155.011,4.0,,Musical Freedom,"C © 2024 Musical Freedom Label Ltd., P ℗ 2024 Musical Freedom Label Ltd."
spotify:track:2x4JC9TxW2LACuuxbsncfG,Mockingbird,"spotify:artist:2o5jDhtHVPhrJdv3cEQ99Z, spotify:artist:73jBynjsVtofjRpdpRAJGk, spotify:artist:5ENS85nZShljwNgg4wFD7D","Tiësto, Dimitri Vegas & Like Mike, Gabry Ponte",spotify:album:22dOSFgcI8e3gJbHpG5gYg,Mockingbird,"spotify:artist:2o5jDhtHVPhrJdv3cEQ99Z, spotify:artist:73jBynjsVtofjRpdpRAJGk, spotify:artist:5ENS85nZShljwNgg4wFD7D","Tiësto, Dimitri Vegas & Like Mike, Gabry Ponte",2024-05-03,https://i.scdn.co/image/ab67616d0000b27354c1bef6858339be680efff1,1,1,154838,https://p.scdn.co/mp3-preview/30c27bafff4e325abec408b4d84f7541e9991445?cid=9950ac751e34487dbbe027c4fd7f8e99,False,79,NLZ542400299,spotify:user:isak.sjoholm.,2025-02-09T20:00:34Z,"edm,trance,big room,house,dance,big room,electronica,edm,electro,slap house,italodance",0.656,0.857,6.0,-5.473,0.0,0.103,0.065,0.0131,0.0814,0.395,155.011,4.0,,Musical Freedom,"C © 2024 Musical Freedom Label Ltd., P ℗ 2024 Musical Freedom Label Ltd."
spotify:track:2x4JC9TxW2LACuuxbsncfG,Mockingbird,"spotify:artist:2o5jDhtHVPhrJdv3cEQ99Z, spotify:artist:73jBynjsVtofjRpdpRAJGk, spotify:artist:5ENS85nZShljwNgg4wFD7D","Tiësto, Dimitri Vegas & Like Mike, Gabry Ponte",spotify:album:22dOSFgcI8e3gJbHpG5gYg,Mockingbird,"spotify:artist:2o5jDhtHVPhrJdv3cEQ99Z, spotify:artist:73jBynjsVtofjRpdpRAJGk, spotify:artist:5ENS85nZShljwNgg4wFD7D","Tiësto, Dimitri Vegas & Like Mike, Gabry Ponte",2024-05-03,https://i.scdn.co/image/ab67616d0000b27354c1bef6858339be680efff1,1,1,154838,https://p.scdn.co/mp3-preview/30c27bafff4e325abec408b4d84f7541e9991445?cid=9950ac751e34487dbbe027c4fd7f8e99,False,79,NLZ542400299,spotify:user:isak.sjoholm.,2025-02-09T20:00:34Z,"edm,trance,big room,house,dance,big room,electronica,edm,electro,slap house,italodance",0.656,0.857,6.0,-5.473,0.0,0.103,0.065,0.0131,0.0814,0.395,155.011,4.0,,Musical Freedom,"C © 2024 Musical Freedom Label Ltd., P ℗ 2024 Musical Freedom Label Ltd."
spotify:track:2x4JC9TxW2LACuuxbsncfG,Mockingbird,"spotify:artist:2o5jDhtHVPhrJdv3cEQ99Z, spotify:artist:73jBynjsVtofjRpdpRAJGk, spotify:artist:5ENS85nZShljwNgg4wFD7D","Tiësto, Dimitri Vegas & Like Mike, Gabry Ponte",spotify:album:22dOSFgcI8e3gJbHpG5gYg,Mockingbird,"spotify:artist:2o5jDhtHVPhrJdv3cEQ99Z, spotify:artist:73jBynjsVtofjRpdpRAJGk, spotify:artist:5ENS85nZShljwNgg4wFD7D","Tiësto, Dimitri Vegas & Like Mike, Gabry Ponte",2024-05-03,https://i.scdn.co/image/ab67616d0000b27354c1bef6858339be680efff1,1,1,154838,https://p.scdn.co/mp3-preview/30c27bafff4e325abec408b4d84f7541e9991445?cid=9950ac751e34487dbbe027c4fd7f8e99,False,79,NLZ542400299,spotify:user:isak.sjoholm.,2025-02-09T20:00:34Z,"edm,trance,big room,house,dance,big room,electronica,edm,electro,slap house,italodance",0.656,0.857,6.0,-5.473,0.0,0.103,0.065,0.0131,0.0814,0.395,155.011,4.0,,Musical Freedom,"C © 2024 Musical Freedom Label Ltd., P ℗ 2024 Musical Freedom Label Ltd."
spotify:track:2x4JC9TxW2LACuuxbsncfG,Mockingbird,"spotify:artist:2o5jDhtHVPhrJdv3cEQ99Z, spotify:artist:73jBynjsVtofjRpdpRAJGk, spotify:artist:5ENS85nZShljwNgg4wFD7D","Tiësto, Dimitri Vegas & Like Mike, Gabry Ponte",spotify:album:22dOSFgcI8e3gJbHpG5gYg,Mockingbird,"spotify:artist:2o5jDhtHVPhrJdv3cEQ99Z, spotify:artist:73jBynjsVtofjRpdpRAJGk, spotify:artist:5ENS85nZShljwNgg4wFD7D","Tiësto, Dimitri Vegas & Like Mike, Gabry Ponte",2024-05-03,https://i.scdn.co/image/ab67616d0000b27354c1bef6858339be680efff1,1,1,154838,https://p.scdn.co/mp3-preview/30c27bafff4e325abec408b4d84f7541e9991445?cid=9950ac751e34487dbbe027c4fd7f8e99,False,79,NLZ542400299,spotify:user:isak.sjoholm.,2025-02-09T20:00:34Z,"edm,trance,big room,house,dance,big room,electronica,edm,electro,slap house,italodance",0.656,0.857,6.0,-5.473,0.0,0.103,0.065,0.0131,0.0814,0.395,155.011,4.0,,Musical Freedom,"C © 2024 Musical Freedom Label Ltd., P ℗ 2024 Musical Freedom Label Ltd."
spotify:track:1v5xDpNIw3OgLDhif8buEG,Planeta Zombie,spotify:artist:0p7P6JmxAgUHwLPiBP1oSA,FIZIstyle,spotify:album:797UBN4xKsdGbESCt5tcD1,Planeta Zombie,spotify:artist:0p7P6JmxAgUHwLPiBP1oSA,FIZIstyle,2020-12-22,https://i.scdn.co/image/ab67616d0000b273e5c2a63565da75985c2b6181,1,1,153076,https://p.scdn.co/mp3-preview/37fe4e7c2205f25a422781172e7735ee6bfeedec?cid=9950ac751e34487dbbe027c4fd7f8e99,False,40,QZNWZ2078301,spotify:user:isak.sjoholm.,2025-07-18T13:13:55Z,,0.793,0.926,9.0,-2.394,0.0,0.102,0.234,0.0,0.054,0.973,156.032,4.0,,2658151 Records DK,"C 2020 2658151 Records DK, P 2020 2658151 Records DK"
spotify:track:1v5xDpNIw3OgLDhif8buEG,Planeta Zombie,spotify:artist:0p7P6JmxAgUHwLPiBP1oSA,FIZIstyle,spotify:album:797UBN4xKsdGbESCt5tcD1,Planeta Zombie,spotify:artist:0p7P6JmxAgUHwLPiBP1oSA,FIZIstyle,2020-12-22,https://i.scdn.co/image/ab67616d0000b273e5c2a63565da75985c2b6181,1,1,153076,https://p.scdn.co/mp3-preview/37fe4e7c2205f25a422781172e7735ee6bfeedec?cid=9950ac751e34487dbbe027c4fd7f8e99,False,40,QZNWZ2078301,spotify:user:isak.sjoholm.,2025-07-18T13:13:55Z,,0.793,0.926,9.0,-2.394,0.0,0.102,0.234,0.0,0.054,0.973,156.032,4.0,,2658151 Records DK,"C 2020 2658151 Records DK, P 2020 2658151 Records DK"
spotify:track:1v5xDpNIw3OgLDhif8buEG,Planeta Zombie,spotify:artist:0p7P6JmxAgUHwLPiBP1oSA,FIZIstyle,spotify:album:797UBN4xKsdGbESCt5tcD1,Planeta Zombie,spotify:artist:0p7P6JmxAgUHwLPiBP1oSA,FIZIstyle,2020-12-22,https://i.scdn.co/image/ab67616d0000b273e5c2a63565da75985c2b6181,1,1,153076,https://p.scdn.co/mp3-preview/37fe4e7c2205f25a422781172e7735ee6bfeedec?cid=9950ac751e34487dbbe027c4fd7f8e99,False,40,QZNWZ2078301,spotify:user:isak.sjoholm.,2025-07-18T13:13:55Z,,0.793,0.926,9.0,-2.394,0.0,0.102,0.234,0.0,0.054,0.973,156.032,4.0,,2658151 Records DK,"C 2020 2658151 Records DK, P 2020 2658151 Records DK"
spotify:track:1P1B3OKEpdLZ5deYQZO4T1,Slipp Fisen Fri,"spotify:artist:1o0TSkHxzo6fCAMy2nVexo, spotify:artist:2vWRgNboMcV1z1g7TrFsQr","Selma, Sara",spotify:album:2dQlRzP7S0HlIxtyTw8SLF,Barnas Supershow - Hytta Vår,spotify:artist:0LyfQWJT6nXafLPZqxe9Of,Blandade Artister,2010-11-01,https://i.scdn.co/image/ab67616d0000b2737bcacaccb055630c7bbc0042,1,7,154360,https://p.scdn.co/mp3-preview/98170640ea14c2a715f19ce0d68fbb8ab91b1dcc?cid=9950ac751e34487dbbe027c4fd7f8e99,False,0,NOX9X4043407,spotify:user:isak.sjoholm.,2025-07-18T13:18:28Z,"finsk rock,finsk pop,iskelmä",0.656,0.866,0.0,-3.476,1.0,0.0457,0.0833,1.27e-05,0.166,0.795,155.032,4.0,,Egmont,"C (C) 2010 Egmont Serieforlag AS, P (P) 2010 Egmont Serieforlag AS"
spotify:track:1P1B3OKEpdLZ5deYQZO4T1,Slipp Fisen Fri,"spotify:artist:1o0TSkHxzo6fCAMy2nVexo, spotify:artist:2vWRgNboMcV1z1g7TrFsQr","Selma, Sara",spotify:album:2dQlRzP7S0HlIxtyTw8SLF,Barnas Supershow - Hytta Vår,spotify:artist:0LyfQWJT6nXafLPZqxe9Of,Blandade Artister,2010-11-01,https://i.scdn.co/image/ab67616d0000b2737bcacaccb055630c7bbc0042,1,7,154360,https://p.scdn.co/mp3-preview/98170640ea14c2a715f19ce0d68fbb8ab91b1dcc?cid=9950ac751e34487dbbe027c4fd7f8e99,False,0,NOX9X4043407,spotify:user:isak.sjoholm.,2025-07-18T13:18:28Z,"finsk rock,finsk pop,iskelmä",0.656,0.866,0.0,-3.476,1.0,0.0457,0.0833,1.27e-05,0.166,0.795,155.032,4.0,,Egmont,"C (C) 2010 Egmont Serieforlag AS, P (P) 2010 Egmont Serieforlag AS"
spotify:track:7M3KyYaVUCSsCalhShI8yH,Dices (Remix) [feat. Arcangel & Wisin],"spotify:artist:3EiLUeyEcA6fbRPSHkG5kb, spotify:artist:4SsVbpTthjScTS7U2hmr1X, spotify:artist:3E6xrwgnVfYCrCs0ePERDz","De La Ghetto, Arcángel, Wisin",spotify:album:0VWikWioBM27UkJa9I0QKk,Dices (Remix) [feat. Arcangel & Wisin],spotify:artist:3EiLUeyEcA6fbRPSHkG5kb,De La Ghetto,2015-10-23,https://i.scdn.co/image/ab67616d0000b273cd89319d8655b21dd817aa19,1,1,274074,https://p.scdn.co/mp3-preview/900a88089a52afd6ed03173dcbbb88ddcf2bdf74?cid=9950ac751e34487dbbe027c4fd7f8e99,False,64,USDXS1500201,spotify:user:isak.sjoholm.,2025-07-18T13:07:39Z,"reggaeton,latinamerikansk trap,urbano latino,reggaeton,latinamerikansk trap,urbano latino,reggaeton,latino",0.753,0.91,1.0,-3.26,0.0,0.0688,0.306,0.0,0.103,0.922,162.005,4.0,,Latin Nation Entertainment,"C 2015 Latin Nation Entertainment, under exclusive license to Cinq Music Group, LLC, P 2015 Latin Nation Entertainment, under exclusive license to Cinq Music Group, LLC"
spotify:track:7M3KyYaVUCSsCalhShI8yH,Dices (Remix) [feat. Arcangel & Wisin],"spotify:artist:3EiLUeyEcA6fbRPSHkG5kb, spotify:artist:4SsVbpTthjScTS7U2hmr1X, spotify:artist:3E6xrwgnVfYCrCs0ePERDz","De La Ghetto, Arcángel, Wisin",spotify:album:0VWikWioBM27UkJa9I0QKk,Dices (Remix) [feat. Arcangel & Wisin],spotify:artist:3EiLUeyEcA6fbRPSHkG5kb,De La Ghetto,2015-10-23,https://i.scdn.co/image/ab67616d0000b273cd89319d8655b21dd817aa19,1,1,274074,https://p.scdn.co/mp3-preview/900a88089a52afd6ed03173dcbbb88ddcf2bdf74?cid=9950ac751e34487dbbe027c4fd7f8e99,False,64,USDXS1500201,spotify:user:isak.sjoholm.,2025-07-18T13:07:39Z,"reggaeton,latinamerikansk trap,urbano latino,reggaeton,latinamerikansk trap,urbano latino,reggaeton,latino",0.753,0.91,1.0,-3.26,0.0,0.0688,0.306,0.0,0.103,0.922,162.005,4.0,,Latin Nation Entertainment,"C 2015 Latin Nation Entertainment, under exclusive license to Cinq Music Group, LLC, P 2015 Latin Nation Entertainment, under exclusive license to Cinq Music Group, LLC"
spotify:track:7M3KyYaVUCSsCalhShI8yH,Dices (Remix) [feat. Arcangel & Wisin],"spotify:artist:3EiLUeyEcA6fbRPSHkG5kb, spotify:artist:4SsVbpTthjScTS7U2hmr1X, spotify:artist:3E6xrwgnVfYCrCs0ePERDz","De La Ghetto, Arcángel, Wisin",spotify:album:0VWikWioBM27UkJa9I0QKk,Dices (Remix) [feat. Arcangel & Wisin],spotify:artist:3EiLUeyEcA6fbRPSHkG5kb,De La Ghetto,2015-10-23,https://i.scdn.co/image/ab67616d0000b273cd89319d8655b21dd817aa19,1,1,274074,https://p.scdn.co/mp3-preview/900a88089a52afd6ed03173dcbbb88ddcf2bdf74?cid=9950ac751e34487dbbe027c4fd7f8e99,False,64,USDXS1500201,spotify:user:isak.sjoholm.,2025-07-18T13:07:39Z,"reggaeton,latinamerikansk trap,urbano latino,reggaeton,latinamerikansk trap,urbano latino,reggaeton,latino",0.753,0.91,1.0,-3.26,0.0,0.0688,0.306,0.0,0.103,0.922,162.005,4.0,,Latin Nation Entertainment,"C 2015 Latin Nation Entertainment, under exclusive license to Cinq Music Group, LLC, P 2015 Latin Nation Entertainment, under exclusive license to Cinq Music Group, LLC"
spotify:track:2eROKe8HAuciQirDYLiWSF,Ki visz haza,spotify:artist:5hLLs4nJdYwC3187Zv6HkI,Bikini,spotify:album:65PE0Q4nmEfGZBcIjlWQpf,The Very Best Of Bikini,spotify:artist:5hLLs4nJdYwC3187Zv6HkI,Bikini,2009-01-01,https://i.scdn.co/image/ab67616d0000b27362ddbf2a32b863a239420a30,2,12,232120,https://p.scdn.co/mp3-preview/41f22409e0c7ed8a63a6792d35e9bc9125a03632?cid=9950ac751e34487dbbe027c4fd7f8e99,False,43,HUA320900595,spotify:user:isak.sjoholm.,2025-07-18T13:13:48Z,,0.501,0.91,0.0,-5.51,1.0,0.0563,0.0025,0.021,0.164,0.689,155.03,4.0,,EMI,"C © 2009 EMI (Hungary), P This Compilation ℗ 2009 EMI (Hungary)"
spotify:track:2eROKe8HAuciQirDYLiWSF,Ki visz haza,spotify:artist:5hLLs4nJdYwC3187Zv6HkI,Bikini,spotify:album:65PE0Q4nmEfGZBcIjlWQpf,The Very Best Of Bikini,spotify:artist:5hLLs4nJdYwC3187Zv6HkI,Bikini,2009-01-01,https://i.scdn.co/image/ab67616d0000b27362ddbf2a32b863a239420a30,2,12,232120,https://p.scdn.co/mp3-preview/41f22409e0c7ed8a63a6792d35e9bc9125a03632?cid=9950ac751e34487dbbe027c4fd7f8e99,False,43,HUA320900595,spotify:user:isak.sjoholm.,2025-07-18T13:13:48Z,,0.501,0.91,0.0,-5.51,1.0,0.0563,0.0025,0.021,0.164,0.689,155.03,4.0,,EMI,"C © 2009 EMI (Hungary), P This Compilation ℗ 2009 EMI (Hungary)"
spotify:track:5ZFpEsxK5VlLkJi3v7ar2Y,Fanática Sensual,spotify:artist:2jSGzJw0ebJLu7OLVSOcBP,Plan B,spotify:album:2nyw6aQu85kFb3mYb4vWwE,Love And Sex,spotify:artist:2jSGzJw0ebJLu7OLVSOcBP,Plan B,2014-08-25,https://i.scdn.co/image/ab67616d0000b273bd88e490e34600dad8add229,1,4,240320,https://p.scdn.co/mp3-preview/ce43386a03b8fd81e1ddfb92e8888da946ab9dfc?cid=9950ac751e34487dbbe027c4fd7f8e99,False,51,USB271400503,spotify:user:isak.sjoholm.,2025-07-18T13:10:09Z,reggaeton,0.793,0.853,1.0,-3.655,1.0,0.0477,0.0937,0.0,0.085,0.906,164.022,4.0,,Pina Records,"C (C) 2014 Pina Records, P (P) 2014 Pina Records"
spotify:track:5ZFpEsxK5VlLkJi3v7ar2Y,Fanática Sensual,spotify:artist:2jSGzJw0ebJLu7OLVSOcBP,Plan B,spotify:album:2nyw6aQu85kFb3mYb4vWwE,Love And Sex,spotify:artist:2jSGzJw0ebJLu7OLVSOcBP,Plan B,2014-08-25,https://i.scdn.co/image/ab67616d0000b273bd88e490e34600dad8add229,1,4,240320,https://p.scdn.co/mp3-preview/ce43386a03b8fd81e1ddfb92e8888da946ab9dfc?cid=9950ac751e34487dbbe027c4fd7f8e99,False,50,USB271400503,spotify:user:isak.sjoholm.,2025-07-18T11:45:54Z,reggaeton,0.793,0.853,1.0,-3.655,1.0,0.0477,0.0937,0.0,0.085,0.906,164.022,4.0,,Pina Records,"C (C) 2014 Pina Records, P (P) 2014 Pina Records"
spotify:track:5ZFpEsxK5VlLkJi3v7ar2Y,Fanática Sensual,spotify:artist:2jSGzJw0ebJLu7OLVSOcBP,Plan B,spotify:album:2nyw6aQu85kFb3mYb4vWwE,Love And Sex,spotify:artist:2jSGzJw0ebJLu7OLVSOcBP,Plan B,2014-08-25,https://i.scdn.co/image/ab67616d0000b273bd88e490e34600dad8add229,1,4,240320,https://p.scdn.co/mp3-preview/ce43386a03b8fd81e1ddfb92e8888da946ab9dfc?cid=9950ac751e34487dbbe027c4fd7f8e99,False,51,USB271400503,spotify:user:isak.sjoholm.,2025-07-18T13:10:09Z,reggaeton,0.793,0.853,1.0,-3.655,1.0,0.0477,0.0937,0.0,0.085,0.906,164.022,4.0,,Pina Records,"C (C) 2014 Pina Records, P (P) 2014 Pina Records"
spotify:track:5ZFpEsxK5VlLkJi3v7ar2Y,Fanática Sensual,spotify:artist:2jSGzJw0ebJLu7OLVSOcBP,Plan B,spotify:album:2nyw6aQu85kFb3mYb4vWwE,Love And Sex,spotify:artist:2jSGzJw0ebJLu7OLVSOcBP,Plan B,2014-08-25,https://i.scdn.co/image/ab67616d0000b273bd88e490e34600dad8add229,1,4,240320,https://p.scdn.co/mp3-preview/ce43386a03b8fd81e1ddfb92e8888da946ab9dfc?cid=9950ac751e34487dbbe027c4fd7f8e99,False,50,USB271400503,spotify:user:isak.sjoholm.,2025-07-18T11:45:54Z,reggaeton,0.793,0.853,1.0,-3.655,1.0,0.0477,0.0937,0.0,0.085,0.906,164.022,4.0,,Pina Records,"C (C) 2014 Pina Records, P (P) 2014 Pina Records"
spotify:track:7J0DU7Gkstei70cejjaXRD,超級酷,spotify:artist:7aMQdNM05rPkcHS1ethHUx,頑童Mj116,spotify:album:07SVp0rbraWFE2MtFbGhA9,Fresh Game,spotify:artist:7aMQdNM05rPkcHS1ethHUx,頑童Mj116,2014-08-01,https://i.scdn.co/image/ab67616d0000b27349037658dd8d2d2f31e862fb,1,12,245533,https://p.scdn.co/mp3-preview/927d467a184fdb86924f395979a945257aa8c482?cid=9950ac751e34487dbbe027c4fd7f8e99,False,31,TWA451407912,spotify:user:isak.sjoholm.,2025-07-18T13:22:36Z,"kinesisk hiphop,taiwanesisk pop,mandopop,kinesisk r&b,c-pop",0.738,0.887,5.0,-5.237,1.0,0.222,0.0471,0.0,0.311,0.677,155.031,4.0,,"Rock Records Co., Ltd.","C 2014 Rock Records Co., Ltd., P 2014 Rock Records Co., Ltd."
spotify:track:7J0DU7Gkstei70cejjaXRD,超級酷,spotify:artist:7aMQdNM05rPkcHS1ethHUx,頑童Mj116,spotify:album:07SVp0rbraWFE2MtFbGhA9,Fresh Game,spotify:artist:7aMQdNM05rPkcHS1ethHUx,頑童Mj116,2014-08-01,https://i.scdn.co/image/ab67616d0000b27349037658dd8d2d2f31e862fb,1,12,245533,https://p.scdn.co/mp3-preview/927d467a184fdb86924f395979a945257aa8c482?cid=9950ac751e34487dbbe027c4fd7f8e99,False,31,TWA451407912,spotify:user:isak.sjoholm.,2025-07-18T13:22:36Z,"kinesisk hiphop,taiwanesisk pop,mandopop,kinesisk r&b,c-pop",0.738,0.887,5.0,-5.237,1.0,0.222,0.0471,0.0,0.311,0.677,155.031,4.0,,"Rock Records Co., Ltd.","C 2014 Rock Records Co., Ltd., P 2014 Rock Records Co., Ltd."
spotify:track:6zJkLO5dgF97FcWFdfA30K,Burning Up - Club Mix,spotify:artist:2Fh1UVBGudugIFPx2IoggP,Taleesa,spotify:album:3q1lOvLXuappfyP3jzFDmA,Burning Up,spotify:artist:2Fh1UVBGudugIFPx2IoggP,Taleesa,1995-01-01,https://i.scdn.co/image/ab67616d0000b27372e6d2248133f7b61ffcb31c,1,3,322290,https://p.scdn.co/mp3-preview/2459e3ad3f52276def5fdb74ca547848aad00d44?cid=9950ac751e34487dbbe027c4fd7f8e99,False,29,ITL010400440,spotify:user:isak.sjoholm.,2025-07-18T13:08:27Z,eurodance,0.725,0.953,6.0,-7.949,1.0,0.0555,0.00266,0.000142,0.0933,0.901,160.966,4.0,,Time Records,"C Time S.p.A. Unipersonale, P Time S.p.A. Unipersonale"
spotify:track:6zJkLO5dgF97FcWFdfA30K,Burning Up - Club Mix,spotify:artist:2Fh1UVBGudugIFPx2IoggP,Taleesa,spotify:album:3q1lOvLXuappfyP3jzFDmA,Burning Up,spotify:artist:2Fh1UVBGudugIFPx2IoggP,Taleesa,1995-01-01,https://i.scdn.co/image/ab67616d0000b27372e6d2248133f7b61ffcb31c,1,3,322290,https://p.scdn.co/mp3-preview/2459e3ad3f52276def5fdb74ca547848aad00d44?cid=9950ac751e34487dbbe027c4fd7f8e99,False,29,ITL010400440,spotify:user:isak.sjoholm.,2025-07-18T13:08:27Z,eurodance,0.725,0.953,6.0,-7.949,1.0,0.0555,0.00266,0.000142,0.0933,0.901,160.966,4.0,,Time Records,"C Time S.p.A. Unipersonale, P Time S.p.A. Unipersonale"
spotify:track:3ewwb5s3WHYqEdkBnwKlTS,Bonita,"spotify:artist:0UWZUmn7sybxMCqrw9tGa7, spotify:artist:07YUOmWljBTXwIseAUd9TW","Juanes, Sebastian Yatra",spotify:album:2X45SzRfAFsxgkBxgryWfF,Más Futuro Que Pasado,spotify:artist:0UWZUmn7sybxMCqrw9tGa7,Juanes,2019-11-22,https://i.scdn.co/image/ab67616d0000b2733cd4e2895e60808dc6d8249d,1,5,147786,https://p.scdn.co/mp3-preview/2c164f0b779ff427e6058d47d249ea6f2e73819d?cid=9950ac751e34487dbbe027c4fd7f8e99,False,62,USUM71916581,spotify:user:isak.sjoholm.,2025-07-18T13:07:44Z,"latinamerikansk pop,colombiansk pop,rock en español,colombiansk pop,reggaeton",0.749,0.886,0.0,-2.58,1.0,0.0476,0.258,0.0,0.219,0.963,157.948,4.0,,National Own,"C © 2019 UMG Recordings, Inc., P ℗ 2019 UMG Recordings, Inc."
spotify:track:3ewwb5s3WHYqEdkBnwKlTS,Bonita,"spotify:artist:0UWZUmn7sybxMCqrw9tGa7, spotify:artist:07YUOmWljBTXwIseAUd9TW","Juanes, Sebastian Yatra",spotify:album:2X45SzRfAFsxgkBxgryWfF,Más Futuro Que Pasado,spotify:artist:0UWZUmn7sybxMCqrw9tGa7,Juanes,2019-11-22,https://i.scdn.co/image/ab67616d0000b2733cd4e2895e60808dc6d8249d,1,5,147786,https://p.scdn.co/mp3-preview/2c164f0b779ff427e6058d47d249ea6f2e73819d?cid=9950ac751e34487dbbe027c4fd7f8e99,False,62,USUM71916581,spotify:user:isak.sjoholm.,2025-07-18T13:07:44Z,"latinamerikansk pop,colombiansk pop,rock en español,colombiansk pop,reggaeton",0.749,0.886,0.0,-2.58,1.0,0.0476,0.258,0.0,0.219,0.963,157.948,4.0,,National Own,"C © 2019 UMG Recordings, Inc., P ℗ 2019 UMG Recordings, Inc."
spotify:track:59PFzlykVjps4B3GtVvmaF,Quieren Mi Caña,spotify:artist:14C1tQKnUFJiWwKAp2Umga,Caña Brava,spotify:album:52tRxr8WtgXIQUsdB0n6TT,Quieren Mi Caña,spotify:artist:14C1tQKnUFJiWwKAp2Umga,Caña Brava,1996-08-20,https://i.scdn.co/image/ab67616d0000b27393bebfd8f94c4199eb8ab315,1,1,236800,https://p.scdn.co/mp3-preview/a85d169eb97889882bc3e747e84eda3f35e3203a?cid=9950ac751e34487dbbe027c4fd7f8e99,False,40,USPR79601879,spotify:user:isak.sjoholm.,2025-07-18T13:09:55Z,"merengue,tropisk musik",0.773,0.928,9.0,-8.266,1.0,0.0779,0.232,7.88e-05,0.0755,0.925,155.086,4.0,,PLATANO RECORDS,"C © 2019 Platano Records, P ℗ 1996 Platano Records"
spotify:track:59PFzlykVjps4B3GtVvmaF,Quieren Mi Caña,spotify:artist:14C1tQKnUFJiWwKAp2Umga,Caña Brava,spotify:album:52tRxr8WtgXIQUsdB0n6TT,Quieren Mi Caña,spotify:artist:14C1tQKnUFJiWwKAp2Umga,Caña Brava,1996-08-20,https://i.scdn.co/image/ab67616d0000b27393bebfd8f94c4199eb8ab315,1,1,236800,https://p.scdn.co/mp3-preview/a85d169eb97889882bc3e747e84eda3f35e3203a?cid=9950ac751e34487dbbe027c4fd7f8e99,False,40,USPR79601879,spotify:user:isak.sjoholm.,2025-07-18T13:09:55Z,"merengue,tropisk musik",0.773,0.928,9.0,-8.266,1.0,0.0779,0.232,7.88e-05,0.0755,0.925,155.086,4.0,,PLATANO RECORDS,"C © 2019 Platano Records, P ℗ 1996 Platano Records"
spotify:track:6Kmh3xMuKdT3elxaKMtr4d,La Luz,spotify:artist:0UWZUmn7sybxMCqrw9tGa7,Juanes,spotify:album:7bh3HOAz9lQmOEgDAXwy4v,Loco De Amor,spotify:artist:0UWZUmn7sybxMCqrw9tGa7,Juanes,2014-01-01,https://i.scdn.co/image/ab67616d0000b273a10d8e8d07d30d0c52ecebae,1,3,176986,https://p.scdn.co/mp3-preview/eb4fcd9dca3a6af6e6df27cec162bc29dc2b74f8?cid=9950ac751e34487dbbe027c4fd7f8e99,False,51,USUM71319410,spotify:user:isak.sjoholm.,2025-07-18T13:11:15Z,"latinamerikansk pop,colombiansk pop,rock en español",0.624,0.979,1.0,-3.796,0.0,0.0495,0.111,0.0,0.0972,0.88,157.962,4.0,,National Own,"C © 2014 Universal Music Latino, P ℗ 2014 Universal Music Latino"
spotify:track:6Kmh3xMuKdT3elxaKMtr4d,La Luz,spotify:artist:0UWZUmn7sybxMCqrw9tGa7,Juanes,spotify:album:7bh3HOAz9lQmOEgDAXwy4v,Loco De Amor,spotify:artist:0UWZUmn7sybxMCqrw9tGa7,Juanes,2014-01-01,https://i.scdn.co/image/ab67616d0000b273a10d8e8d07d30d0c52ecebae,1,3,176986,https://p.scdn.co/mp3-preview/eb4fcd9dca3a6af6e6df27cec162bc29dc2b74f8?cid=9950ac751e34487dbbe027c4fd7f8e99,False,51,USUM71319410,spotify:user:isak.sjoholm.,2025-07-18T13:11:15Z,"latinamerikansk pop,colombiansk pop,rock en español",0.624,0.979,1.0,-3.796,0.0,0.0495,0.111,0.0,0.0972,0.88,157.962,4.0,,National Own,"C © 2014 Universal Music Latino, P ℗ 2014 Universal Music Latino"
spotify:track:3hv6T6xuDW6c9uuTNHayx7,סבבה 5,spotify:artist:26lUUiDmS9zj1LOOCkZUiS,Peled,spotify:album:5Uh5qpQu8KDp4Pws4laNQY,סבבה 5,spotify:artist:26lUUiDmS9zj1LOOCkZUiS,Peled,2018-03-15,https://i.scdn.co/image/ab67616d0000b27361468681d2a3aeee7b125cc2,1,2,199578,https://p.scdn.co/mp3-preview/2ac8907765c562cbbf34d13d297116e0cb5506bc?cid=9950ac751e34487dbbe027c4fd7f8e99,False,41,FR10S1879490,spotify:user:isak.sjoholm.,2025-07-18T13:12:02Z,mizrahi,0.843,0.808,0.0,-4.223,0.0,0.0535,0.0359,0.0,0.107,0.96,156.069,4.0,,Mobile1 Music,"C 2018 Singold, P 2018 Singold"
spotify:track:3hv6T6xuDW6c9uuTNHayx7,סבבה 5,spotify:artist:26lUUiDmS9zj1LOOCkZUiS,Peled,spotify:album:5Uh5qpQu8KDp4Pws4laNQY,סבבה 5,spotify:artist:26lUUiDmS9zj1LOOCkZUiS,Peled,2018-03-15,https://i.scdn.co/image/ab67616d0000b27361468681d2a3aeee7b125cc2,1,2,199578,https://p.scdn.co/mp3-preview/2ac8907765c562cbbf34d13d297116e0cb5506bc?cid=9950ac751e34487dbbe027c4fd7f8e99,False,41,FR10S1879490,spotify:user:isak.sjoholm.,2025-07-18T13:12:02Z,mizrahi,0.843,0.808,0.0,-4.223,0.0,0.0535,0.0359,0.0,0.107,0.96,156.069,4.0,,Mobile1 Music,"C 2018 Singold, P 2018 Singold"
spotify:track:3hv6T6xuDW6c9uuTNHayx7,סבבה 5,spotify:artist:26lUUiDmS9zj1LOOCkZUiS,Peled,spotify:album:5Uh5qpQu8KDp4Pws4laNQY,סבבה 5,spotify:artist:26lUUiDmS9zj1LOOCkZUiS,Peled,2018-03-15,https://i.scdn.co/image/ab67616d0000b27361468681d2a3aeee7b125cc2,1,2,199578,https://p.scdn.co/mp3-preview/2ac8907765c562cbbf34d13d297116e0cb5506bc?cid=9950ac751e34487dbbe027c4fd7f8e99,False,41,FR10S1879490,spotify:user:isak.sjoholm.,2025-07-18T13:12:02Z,mizrahi,0.843,0.808,0.0,-4.223,0.0,0.0535,0.0359,0.0,0.107,0.96,156.069,4.0,,Mobile1 Music,"C 2018 Singold, P 2018 Singold"
spotify:track:3hv6T6xuDW6c9uuTNHayx7,סבבה 5,spotify:artist:26lUUiDmS9zj1LOOCkZUiS,Peled,spotify:album:5Uh5qpQu8KDp4Pws4laNQY,סבבה 5,spotify:artist:26lUUiDmS9zj1LOOCkZUiS,Peled,2018-03-15,https://i.scdn.co/image/ab67616d0000b27361468681d2a3aeee7b125cc2,1,2,199578,https://p.scdn.co/mp3-preview/2ac8907765c562cbbf34d13d297116e0cb5506bc?cid=9950ac751e34487dbbe027c4fd7f8e99,False,41,FR10S1879490,spotify:user:isak.sjoholm.,2025-07-18T13:12:02Z,mizrahi,0.843,0.808,0.0,-4.223,0.0,0.0535,0.0359,0.0,0.107,0.96,156.069,4.0,,Mobile1 Music,"C 2018 Singold, P 2018 Singold"
spotify:track:3hv6T6xuDW6c9uuTNHayx7,סבבה 5,spotify:artist:26lUUiDmS9zj1LOOCkZUiS,Peled,spotify:album:5Uh5qpQu8KDp4Pws4laNQY,סבבה 5,spotify:artist:26lUUiDmS9zj1LOOCkZUiS,Peled,2018-03-15,https://i.scdn.co/image/ab67616d0000b27361468681d2a3aeee7b125cc2,1,2,199578,https://p.scdn.co/mp3-preview/2ac8907765c562cbbf34d13d297116e0cb5506bc?cid=9950ac751e34487dbbe027c4fd7f8e99,False,41,FR10S1879490,spotify:user:isak.sjoholm.,2025-07-18T13:12:02Z,mizrahi,0.843,0.808,0.0,-4.223,0.0,0.0535,0.0359,0.0,0.107,0.96,156.069,4.0,,Mobile1 Music,"C 2018 Singold, P 2018 Singold"
spotify:track:3hv6T6xuDW6c9uuTNHayx7,סבבה 5,spotify:artist:26lUUiDmS9zj1LOOCkZUiS,Peled,spotify:album:5Uh5qpQu8KDp4Pws4laNQY,סבבה 5,spotify:artist:26lUUiDmS9zj1LOOCkZUiS,Peled,2018-03-15,https://i.scdn.co/image/ab67616d0000b27361468681d2a3aeee7b125cc2,1,2,199578,https://p.scdn.co/mp3-preview/2ac8907765c562cbbf34d13d297116e0cb5506bc?cid=9950ac751e34487dbbe027c4fd7f8e99,False,41,FR10S1879490,spotify:user:isak.sjoholm.,2025-07-18T13:12:02Z,mizrahi,0.843,0.808,0.0,-4.223,0.0,0.0535,0.0359,0.0,0.107,0.96,156.069,4.0,,Mobile1 Music,"C 2018 Singold, P 2018 Singold"
spotify:track:3hv6T6xuDW6c9uuTNHayx7,סבבה 5,spotify:artist:26lUUiDmS9zj1LOOCkZUiS,Peled,spotify:album:5Uh5qpQu8KDp4Pws4laNQY,סבבה 5,spotify:artist:26lUUiDmS9zj1LOOCkZUiS,Peled,2018-03-15,https://i.scdn.co/image/ab67616d0000b27361468681d2a3aeee7b125cc2,1,2,199578,https://p.scdn.co/mp3-preview/2ac8907765c562cbbf34d13d297116e0cb5506bc?cid=9950ac751e34487dbbe027c4fd7f8e99,False,41,FR10S1879490,spotify:user:isak.sjoholm.,2025-07-18T13:12:02Z,mizrahi,0.843,0.808,0.0,-4.223,0.0,0.0535,0.0359,0.0,0.107,0.96,156.069,4.0,,Mobile1 Music,"C 2018 Singold, P 2018 Singold"
spotify:track:06CyfuBxMGOX495rzZR7Im,"Sexo, Sudor y Calor","spotify:artist:6XFITTl7cFTdopDY3lUdlY, spotify:artist:1ykothWH0xl8drRyJWuw7I","J Alvarez, Ñejo & Dalmata",spotify:album:4zBoN1dVPUT2w4b1fFNFEh,Otro Nivel de Música,spotify:artist:6XFITTl7cFTdopDY3lUdlY,J Alvarez,2011-09-20,https://i.scdn.co/image/ab67616d0000b273b97af8be24d2550b0ed80316,1,12,251480,https://p.scdn.co/mp3-preview/50f2049dbdd4e3dd75e61b7d3b90858ea21ca321?cid=9950ac751e34487dbbe027c4fd7f8e99,False,67,USASN1102512,spotify:user:isak.sjoholm.,2025-07-18T13:07:35Z,"reggaeton,urbano latino,reggaeton",0.746,0.885,0.0,-5.279,1.0,0.0534,0.224,0.0,0.327,0.961,167.929,4.0,,2011 On Top of the World Music,C (C) 2011 On Top of the World Music
spotify:track:06CyfuBxMGOX495rzZR7Im,"Sexo, Sudor y Calor","spotify:artist:6XFITTl7cFTdopDY3lUdlY, spotify:artist:1ykothWH0xl8drRyJWuw7I","J Alvarez, Ñejo & Dalmata",spotify:album:4zBoN1dVPUT2w4b1fFNFEh,Otro Nivel de Música,spotify:artist:6XFITTl7cFTdopDY3lUdlY,J Alvarez,2011-09-20,https://i.scdn.co/image/ab67616d0000b273b97af8be24d2550b0ed80316,1,12,251480,https://p.scdn.co/mp3-preview/50f2049dbdd4e3dd75e61b7d3b90858ea21ca321?cid=9950ac751e34487dbbe027c4fd7f8e99,False,67,USASN1102512,spotify:user:isak.sjoholm.,2025-07-18T13:07:35Z,"reggaeton,urbano latino,reggaeton",0.746,0.885,0.0,-5.279,1.0,0.0534,0.224,0.0,0.327,0.961,167.929,4.0,,2011 On Top of the World Music,C (C) 2011 On Top of the World Music
spotify:track:6bysQdOg28FVznG4Ois9BD,Solo con decirte guapa,spotify:artist:2dJyJptNE5bMmbN6z08iNJ,El Arrebato,spotify:album:2fU7l8soMPUrdJHPrso2ya,Que Salga El Sol Por Donde Quiera,spotify:artist:2dJyJptNE5bMmbN6z08iNJ,El Arrebato,2004-08-30,https://i.scdn.co/image/ab67616d0000b27327b8c0273ebaaf6e48544cf8,1,2,251720,https://p.scdn.co/mp3-preview/90feeb486a8dbf2cb8a89fe00cef1420e409f7d1?cid=9950ac751e34487dbbe027c4fd7f8e99,False,41,ES5080400553,spotify:user:isak.sjoholm.,2025-07-18T13:18:54Z,"flamenco,flamenco pop",0.702,0.942,10.0,-2.485,0.0,0.0761,0.101,0.0,0.11,0.924,162.032,4.0,,Parlophone Spain,"C © 2004 Parlophone Music Spain, S.A.España, P ℗ 2004 Publicado por Parlophone Music Spain, S.A."
spotify:track:6bysQdOg28FVznG4Ois9BD,Solo con decirte guapa,spotify:artist:2dJyJptNE5bMmbN6z08iNJ,El Arrebato,spotify:album:2fU7l8soMPUrdJHPrso2ya,Que Salga El Sol Por Donde Quiera,spotify:artist:2dJyJptNE5bMmbN6z08iNJ,El Arrebato,2004-08-30,https://i.scdn.co/image/ab67616d0000b27327b8c0273ebaaf6e48544cf8,1,2,251720,https://p.scdn.co/mp3-preview/90feeb486a8dbf2cb8a89fe00cef1420e409f7d1?cid=9950ac751e34487dbbe027c4fd7f8e99,False,41,ES5080400553,spotify:user:isak.sjoholm.,2025-07-18T13:18:54Z,"flamenco,flamenco pop",0.702,0.942,10.0,-2.485,0.0,0.0761,0.101,0.0,0.11,0.924,162.032,4.0,,Parlophone Spain,"C © 2004 Parlophone Music Spain, S.A.España, P ℗ 2004 Publicado por Parlophone Music Spain, S.A."
spotify:track:70Wq0fDJlrWTOkJDwekr34,"To Gamilio Party - O, Ti Ki An Symvei",spotify:artist:6NxXHjmu44lrhxiQoMxKIc,Locomondo,spotify:album:2uz1n0TtJFYcyQ2neFjsQB,To Gamilio Party (Ektos Eleghou) [Original Motion Picture Soundtrack],spotify:artist:6NxXHjmu44lrhxiQoMxKIc,Locomondo,2008-08-08,https://i.scdn.co/image/ab67616d0000b273ba120da18aab778f43269856,1,1,170986,https://p.scdn.co/mp3-preview/552d9b150404a64759b316d7c1d5182915fa876d?cid=9950ac751e34487dbbe027c4fd7f8e99,False,40,FR2X41636930,spotify:user:isak.sjoholm.,2025-07-18T13:15:34Z,entehno,0.854,0.535,5.0,-8.753,1.0,0.062,0.103,0.000725,0.0621,0.921,155.017,4.0,,Locomondo,"C Locomondo, P Locomondo"
spotify:track:70Wq0fDJlrWTOkJDwekr34,"To Gamilio Party - O, Ti Ki An Symvei",spotify:artist:6NxXHjmu44lrhxiQoMxKIc,Locomondo,spotify:album:2uz1n0TtJFYcyQ2neFjsQB,To Gamilio Party (Ektos Eleghou) [Original Motion Picture Soundtrack],spotify:artist:6NxXHjmu44lrhxiQoMxKIc,Locomondo,2008-08-08,https://i.scdn.co/image/ab67616d0000b273ba120da18aab778f43269856,1,1,170986,https://p.scdn.co/mp3-preview/552d9b150404a64759b316d7c1d5182915fa876d?cid=9950ac751e34487dbbe027c4fd7f8e99,False,40,FR2X41636930,spotify:user:isak.sjoholm.,2025-07-18T13:15:34Z,entehno,0.854,0.535,5.0,-8.753,1.0,0.062,0.103,0.000725,0.0621,0.921,155.017,4.0,,Locomondo,"C Locomondo, P Locomondo"
spotify:track:0LOum2JR3gvhN9zljcGVWO,Makten 2019,"spotify:artist:6CawoDDP1IZUSGl4wSJGC9, spotify:artist:6L3XsdwSNcPAPxHq9KuyxT","TIX, The Pøssy Project",spotify:album:5V5USi7TSacYlYvTHWS8hf,Makten 2019,"spotify:artist:6CawoDDP1IZUSGl4wSJGC9, spotify:artist:6L3XsdwSNcPAPxHq9KuyxT","TIX, The Pøssy Project",2018-11-05,https://i.scdn.co/image/ab67616d0000b2735b5b9719cc0ec33ef4443e30,1,1,178205,https://p.scdn.co/mp3-preview/92d619628176f8360fd9ee330f9c119d57bc1c8e?cid=9950ac751e34487dbbe027c4fd7f8e99,True,46,NOUM71800367,spotify:user:isak.sjoholm.,2025-07-18T13:18:32Z,"russelåter,epadunk,norsk pop,russelåter,epadunk,norsk pop",0.547,0.847,1.0,-4.899,1.0,0.178,0.182,0.0,0.258,0.772,155.024,4.0,,Universal Music AS,"C © 2018 TIX Music, distributed by Universal Music AS, Norway, P ℗ 2018 TIX Music, distributed by Universal Music AS, Norway"
spotify:track:0LOum2JR3gvhN9zljcGVWO,Makten 2019,"spotify:artist:6CawoDDP1IZUSGl4wSJGC9, spotify:artist:6L3XsdwSNcPAPxHq9KuyxT","TIX, The Pøssy Project",spotify:album:5V5USi7TSacYlYvTHWS8hf,Makten 2019,"spotify:artist:6CawoDDP1IZUSGl4wSJGC9, spotify:artist:6L3XsdwSNcPAPxHq9KuyxT","TIX, The Pøssy Project",2018-11-05,https://i.scdn.co/image/ab67616d0000b2735b5b9719cc0ec33ef4443e30,1,1,178205,https://p.scdn.co/mp3-preview/92d619628176f8360fd9ee330f9c119d57bc1c8e?cid=9950ac751e34487dbbe027c4fd7f8e99,True,46,NOUM71800367,spotify:user:isak.sjoholm.,2025-07-18T13:18:32Z,"russelåter,epadunk,norsk pop,russelåter,epadunk,norsk pop",0.547,0.847,1.0,-4.899,1.0,0.178,0.182,0.0,0.258,0.772,155.024,4.0,,Universal Music AS,"C © 2018 TIX Music, distributed by Universal Music AS, Norway, P ℗ 2018 TIX Music, distributed by Universal Music AS, Norway"
spotify:track:0XtFQVI5WtK02YKo1sXcRi,Impaciente - Remix,"spotify:artist:37230BxxYs9ksS7OkZw3IU, spotify:artist:1GDbiv3spRmZ1XdM1jQbT7, spotify:artist:14zUHaJZo1mnYtn6IBRaRP, spotify:artist:3E6xrwgnVfYCrCs0ePERDz, spotify:artist:1pf0MPKfKdvS8J779mS1Ay","Chencho Corleone, NATTI NATASHA, Justin Quiles, Wisin, Miky Woodz",spotify:album:1G2McFgc2QTY2NkZLrDp5M,Impaciente (Remix),"spotify:artist:37230BxxYs9ksS7OkZw3IU, spotify:artist:1GDbiv3spRmZ1XdM1jQbT7, spotify:artist:14zUHaJZo1mnYtn6IBRaRP","Chencho Corleone, NATTI NATASHA, Justin Quiles",2019-12-20,https://i.scdn.co/image/ab67616d0000b273cc8960358ed812cd1a17b3ff,1,1,304059,https://p.scdn.co/mp3-preview/418bfe29b040c94d9bf167e224257966f6918171?cid=9950ac751e34487dbbe027c4fd7f8e99,True,51,USB271900139,spotify:user:isak.sjoholm.,2025-07-18T13:10:51Z,"reggaeton,reggaeton,latino,urbano latino,bachata,reggaeton,reggaeton,latino,latinamerikansk trap,dembow,reggaeton",0.806,0.876,4.0,-2.118,0.0,0.0529,0.144,1.11e-05,0.202,0.883,165.978,4.0,,Pina Records,"C (C) 2019 Pina Records Dist. By Sony Music Entertainment US Latin, P (P) 2019 Pina Records Dist. By Sony Music Entertainment U.S. Latin LLC"
spotify:track:0XtFQVI5WtK02YKo1sXcRi,Impaciente - Remix,"spotify:artist:37230BxxYs9ksS7OkZw3IU, spotify:artist:1GDbiv3spRmZ1XdM1jQbT7, spotify:artist:14zUHaJZo1mnYtn6IBRaRP, spotify:artist:3E6xrwgnVfYCrCs0ePERDz, spotify:artist:1pf0MPKfKdvS8J779mS1Ay","Chencho Corleone, NATTI NATASHA, Justin Quiles, Wisin, Miky Woodz",spotify:album:1G2McFgc2QTY2NkZLrDp5M,Impaciente (Remix),"spotify:artist:37230BxxYs9ksS7OkZw3IU, spotify:artist:1GDbiv3spRmZ1XdM1jQbT7, spotify:artist:14zUHaJZo1mnYtn6IBRaRP","Chencho Corleone, NATTI NATASHA, Justin Quiles",2019-12-20,https://i.scdn.co/image/ab67616d0000b273cc8960358ed812cd1a17b3ff,1,1,304059,https://p.scdn.co/mp3-preview/418bfe29b040c94d9bf167e224257966f6918171?cid=9950ac751e34487dbbe027c4fd7f8e99,True,51,USB271900139,spotify:user:isak.sjoholm.,2025-07-18T13:10:51Z,"reggaeton,reggaeton,latino,urbano latino,bachata,reggaeton,reggaeton,latino,latinamerikansk trap,dembow,reggaeton",0.806,0.876,4.0,-2.118,0.0,0.0529,0.144,1.11e-05,0.202,0.883,165.978,4.0,,Pina Records,"C (C) 2019 Pina Records Dist. By Sony Music Entertainment US Latin, P (P) 2019 Pina Records Dist. By Sony Music Entertainment U.S. Latin LLC"
spotify:track:381g0b6QZxC13SzA2HRMIc,Power Up,spotify:artist:1z4g3DjTBBZKhvAroFlhOM,Red Velvet,spotify:album:5zWa1ZEUBctbKqvwXbFawo,Summer Magic - Summer Mini Album,spotify:artist:1z4g3DjTBBZKhvAroFlhOM,Red Velvet,2018-08-06,https://i.scdn.co/image/ab67616d0000b2736017bca98dea58ceddea77c1,1,1,202040,https://p.scdn.co/mp3-preview/e3176f6f79f2aea1f4869025dd899255752de185?cid=9950ac751e34487dbbe027c4fd7f8e99,False,58,KRA301800289,spotify:user:isak.sjoholm.,2025-07-18T13:14:47Z,k-pop,0.732,0.934,8.0,-4.618,1.0,0.144,0.0774,0.00745,0.306,0.898,159.998,4.0,,SM Entertainment,"C 2018 SM Entertainment, P 2018 SM Entertainment"
spotify:track:381g0b6QZxC13SzA2HRMIc,Power Up,spotify:artist:1z4g3DjTBBZKhvAroFlhOM,Red Velvet,spotify:album:5zWa1ZEUBctbKqvwXbFawo,Summer Magic - Summer Mini Album,spotify:artist:1z4g3DjTBBZKhvAroFlhOM,Red Velvet,2018-08-06,https://i.scdn.co/image/ab67616d0000b2736017bca98dea58ceddea77c1,1,1,202040,https://p.scdn.co/mp3-preview/e3176f6f79f2aea1f4869025dd899255752de185?cid=9950ac751e34487dbbe027c4fd7f8e99,False,58,KRA301800289,spotify:user:isak.sjoholm.,2025-07-18T13:14:47Z,k-pop,0.732,0.934,8.0,-4.618,1.0,0.144,0.0774,0.00745,0.306,0.898,159.998,4.0,,SM Entertainment,"C 2018 SM Entertainment, P 2018 SM Entertainment"
spotify:track:35lahxVWAM1ai1rdbVqNZ4,Bergen 2018,"spotify:artist:6CawoDDP1IZUSGl4wSJGC9, spotify:artist:6L3XsdwSNcPAPxHq9KuyxT","TIX, The Pøssy Project",spotify:album:5D6Wi2rzSQugzGlQgxGhTW,Bergen 2018,"spotify:artist:6CawoDDP1IZUSGl4wSJGC9, spotify:artist:6L3XsdwSNcPAPxHq9KuyxT","TIX, The Pøssy Project",2018-04-22,https://i.scdn.co/image/ab67616d0000b273fa0ab868fcf173ffa37d4c92,1,1,182322,https://p.scdn.co/mp3-preview/90792154ec02d4272a06b76714839ab5a73e694c?cid=9950ac751e34487dbbe027c4fd7f8e99,True,45,NOUM71800143,spotify:user:isak.sjoholm.,2025-07-18T13:18:32Z,"russelåter,epadunk,norsk pop,russelåter,epadunk,norsk pop",0.54,0.919,4.0,-4.885,0.0,0.11,0.0013,0.0,0.108,0.422,155.003,4.0,,Universal Music AS,"C © 2018 TIX Music, distributed by Universal Music AS, Norway, P ℗ 2018 TIX Music, distributed by Universal Music AS, Norway"
spotify:track:35lahxVWAM1ai1rdbVqNZ4,Bergen 2018,"spotify:artist:6CawoDDP1IZUSGl4wSJGC9, spotify:artist:6L3XsdwSNcPAPxHq9KuyxT","TIX, The Pøssy Project",spotify:album:5D6Wi2rzSQugzGlQgxGhTW,Bergen 2018,"spotify:artist:6CawoDDP1IZUSGl4wSJGC9, spotify:artist:6L3XsdwSNcPAPxHq9KuyxT","TIX, The Pøssy Project",2018-04-22,https://i.scdn.co/image/ab67616d0000b273fa0ab868fcf173ffa37d4c92,1,1,182322,https://p.scdn.co/mp3-preview/90792154ec02d4272a06b76714839ab5a73e694c?cid=9950ac751e34487dbbe027c4fd7f8e99,True,45,NOUM71800143,spotify:user:isak.sjoholm.,2025-07-18T13:18:32Z,"russelåter,epadunk,norsk pop,russelåter,epadunk,norsk pop",0.54,0.919,4.0,-4.885,0.0,0.11,0.0013,0.0,0.108,0.422,155.003,4.0,,Universal Music AS,"C © 2018 TIX Music, distributed by Universal Music AS, Norway, P ℗ 2018 TIX Music, distributed by Universal Music AS, Norway"
spotify:track:254VGWS3FCXAlw572PMYAP,La Groupie,"spotify:artist:3EiLUeyEcA6fbRPSHkG5kb, spotify:artist:77GVmrLGuxNEvj2ibvT62v, spotify:artist:12vb80Km0Ew53ABfJOepVz, spotify:artist:1SupJlEpv7RS2tPNRaHViT, spotify:artist:2OHKEe204spO7G7NcbeO2o","De La Ghetto, Luigi 21 Plus, Ñengo Flow, Nicky Jam, Ñejo",spotify:album:3otipvumReIoy4UrzDhuZl,La Groupie,spotify:artist:2OHKEe204spO7G7NcbeO2o,Ñejo,2015-06-10,https://i.scdn.co/image/ab67616d0000b273322627dd1ca978a90bda61f7,1,1,342066,https://p.scdn.co/mp3-preview/97e6bc144ff206f277983a35f49e360291ca7df6?cid=9950ac751e34487dbbe027c4fd7f8e99,True,66,TCACG1548349,spotify:user:isak.sjoholm.,2025-07-18T13:11:15Z,"reggaeton,latinamerikansk trap,urbano latino,reggaeton,reggaeton,latinamerikansk trap,reggaeton,latino,reggaeton",0.763,0.886,8.0,-5.231,1.0,0.114,0.171,0.0,0.0717,0.807,159.956,4.0,,"2015 La Fama Allstars, LLC.","C (C) 2015 La Fama Allstars, LLC."
spotify:track:254VGWS3FCXAlw572PMYAP,La Groupie,"spotify:artist:3EiLUeyEcA6fbRPSHkG5kb, spotify:artist:77GVmrLGuxNEvj2ibvT62v, spotify:artist:12vb80Km0Ew53ABfJOepVz, spotify:artist:1SupJlEpv7RS2tPNRaHViT, spotify:artist:2OHKEe204spO7G7NcbeO2o","De La Ghetto, Luigi 21 Plus, Ñengo Flow, Nicky Jam, Ñejo",spotify:album:3otipvumReIoy4UrzDhuZl,La Groupie,spotify:artist:2OHKEe204spO7G7NcbeO2o,Ñejo,2015-06-10,https://i.scdn.co/image/ab67616d0000b273322627dd1ca978a90bda61f7,1,1,342066,https://p.scdn.co/mp3-preview/97e6bc144ff206f277983a35f49e360291ca7df6?cid=9950ac751e34487dbbe027c4fd7f8e99,True,66,TCACG1548349,spotify:user:isak.sjoholm.,2025-07-18T13:11:15Z,"reggaeton,latinamerikansk trap,urbano latino,reggaeton,reggaeton,latinamerikansk trap,reggaeton,latino,reggaeton",0.763,0.886,8.0,-5.231,1.0,0.114,0.171,0.0,0.0717,0.807,159.956,4.0,,"2015 La Fama Allstars, LLC.","C (C) 2015 La Fama Allstars, LLC."
spotify:track:0JOUrhZGMCx3lk9VosAQWl,El Desorden,"spotify:artist:1i8SpTcr7yvPOmcqrbnVXY, spotify:artist:4VMYDCV2IEDYJArk749S6m, spotify:artist:2jSGzJw0ebJLu7OLVSOcBP","Ozuna, Daddy Yankee, Plan B",spotify:album:4mB0S19kFt0O2REi1W21mB,El Desorden,"spotify:artist:1i8SpTcr7yvPOmcqrbnVXY, spotify:artist:4VMYDCV2IEDYJArk749S6m, spotify:artist:2jSGzJw0ebJLu7OLVSOcBP","Ozuna, Daddy Yankee, Plan B",2017-11-17,https://i.scdn.co/image/ab67616d0000b2732ba43ceebb01091a211b632c,1,1,190243,https://p.scdn.co/mp3-preview/4fdf2e68b2c3d5c29aefe0a7580e1993da2ed37a?cid=9950ac751e34487dbbe027c4fd7f8e99,False,63,USB271700114,spotify:user:isak.sjoholm.,2025-07-18T13:10:50Z,"reggaeton,latinamerikansk trap,latino,urbano latino,reggaeton,latino,reggaeton",0.838,0.81,9.0,-3.175,0.0,0.0891,0.22,1.31e-05,0.0817,0.889,164.04,4.0,,Pina Records,C (C) 2017 Pina Records Dist. By Sony Music Entertainment U.S. Latin LLC
spotify:track:0JOUrhZGMCx3lk9VosAQWl,El Desorden,"spotify:artist:1i8SpTcr7yvPOmcqrbnVXY, spotify:artist:4VMYDCV2IEDYJArk749S6m, spotify:artist:2jSGzJw0ebJLu7OLVSOcBP","Ozuna, Daddy Yankee, Plan B",spotify:album:4mB0S19kFt0O2REi1W21mB,El Desorden,"spotify:artist:1i8SpTcr7yvPOmcqrbnVXY, spotify:artist:4VMYDCV2IEDYJArk749S6m, spotify:artist:2jSGzJw0ebJLu7OLVSOcBP","Ozuna, Daddy Yankee, Plan B",2017-11-17,https://i.scdn.co/image/ab67616d0000b2732ba43ceebb01091a211b632c,1,1,190243,https://p.scdn.co/mp3-preview/4fdf2e68b2c3d5c29aefe0a7580e1993da2ed37a?cid=9950ac751e34487dbbe027c4fd7f8e99,False,63,USB271700114,spotify:user:isak.sjoholm.,2025-07-18T13:10:50Z,"reggaeton,latinamerikansk trap,latino,urbano latino,reggaeton,latino,reggaeton",0.838,0.81,9.0,-3.175,0.0,0.0891,0.22,1.31e-05,0.0817,0.889,164.04,4.0,,Pina Records,C (C) 2017 Pina Records Dist. By Sony Music Entertainment U.S. Latin LLC
spotify:track:4VrGv42lpTfXzKnWGT5VD0,Från balkongen,spotify:artist:3E8Mx37sikkaFoX5DRecLi,Oskar Linnros,spotify:album:34lyXT8H9sHsYTgIh0qpSw,Klappar och slag,spotify:artist:3E8Mx37sikkaFoX5DRecLi,Oskar Linnros,2013-01-01,https://i.scdn.co/image/ab67616d0000b273d03363d4cb070f431428da9a,1,7,235853,https://p.scdn.co/mp3-preview/a5b8e83b2f58864ab1ce2968f4149fe34ebd0067?cid=9950ac751e34487dbbe027c4fd7f8e99,False,56,SEUM71300948,spotify:user:isak.sjoholm.,2025-07-23T09:54:53Z,svensk pop,0.61,0.843,1.0,-5.5,1.0,0.115,0.111,0.0035,0.0895,0.567,155.015,4.0,,Universal Music AB,"C © 2013 Dundra Publikationer AB, Under exclusive license to Universal Music AB, P ℗ 2013 Dundra Publikationer AB, Under exclusive license to Universal Music AB"
spotify:track:4VrGv42lpTfXzKnWGT5VD0,Från balkongen,spotify:artist:3E8Mx37sikkaFoX5DRecLi,Oskar Linnros,spotify:album:34lyXT8H9sHsYTgIh0qpSw,Klappar och slag,spotify:artist:3E8Mx37sikkaFoX5DRecLi,Oskar Linnros,2013-01-01,https://i.scdn.co/image/ab67616d0000b273d03363d4cb070f431428da9a,1,7,235853,https://p.scdn.co/mp3-preview/a5b8e83b2f58864ab1ce2968f4149fe34ebd0067?cid=9950ac751e34487dbbe027c4fd7f8e99,False,56,SEUM71300948,spotify:user:isak.sjoholm.,2025-07-23T09:54:53Z,svensk pop,0.61,0.843,1.0,-5.5,1.0,0.115,0.111,0.0035,0.0895,0.567,155.015,4.0,,Universal Music AB,"C © 2013 Dundra Publikationer AB, Under exclusive license to Universal Music AB, P ℗ 2013 Dundra Publikationer AB, Under exclusive license to Universal Music AB"
spotify:track:4VrGv42lpTfXzKnWGT5VD0,Från balkongen,spotify:artist:3E8Mx37sikkaFoX5DRecLi,Oskar Linnros,spotify:album:34lyXT8H9sHsYTgIh0qpSw,Klappar och slag,spotify:artist:3E8Mx37sikkaFoX5DRecLi,Oskar Linnros,2013-01-01,https://i.scdn.co/image/ab67616d0000b273d03363d4cb070f431428da9a,1,7,235853,https://p.scdn.co/mp3-preview/a5b8e83b2f58864ab1ce2968f4149fe34ebd0067?cid=9950ac751e34487dbbe027c4fd7f8e99,False,56,SEUM71300948,,2019-03-21T15:32:31Z,svensk pop,0.61,0.843,1.0,-5.5,1.0,0.115,0.111,0.0035,0.0895,0.567,155.015,4.0,,Universal Music AB,"C © 2013 Dundra Publikationer AB, Under exclusive license to Universal Music AB, P ℗ 2013 Dundra Publikationer AB, Under exclusive license to Universal Music AB"
spotify:track:4VrGv42lpTfXzKnWGT5VD0,Från balkongen,spotify:artist:3E8Mx37sikkaFoX5DRecLi,Oskar Linnros,spotify:album:34lyXT8H9sHsYTgIh0qpSw,Klappar och slag,spotify:artist:3E8Mx37sikkaFoX5DRecLi,Oskar Linnros,2013-01-01,https://i.scdn.co/image/ab67616d0000b273d03363d4cb070f431428da9a,1,7,235853,https://p.scdn.co/mp3-preview/a5b8e83b2f58864ab1ce2968f4149fe34ebd0067?cid=9950ac751e34487dbbe027c4fd7f8e99,False,56,SEUM71300948,spotify:user:isak.sjoholm.,2025-03-02T21:12:00Z,svensk pop,0.61,0.843,1.0,-5.5,1.0,0.115,0.111,0.0035,0.0895,0.567,155.015,4.0,,Universal Music AB,"C © 2013 Dundra Publikationer AB, Under exclusive license to Universal Music AB, P ℗ 2013 Dundra Publikationer AB, Under exclusive license to Universal Music AB"
spotify:track:4VrGv42lpTfXzKnWGT5VD0,Från balkongen,spotify:artist:3E8Mx37sikkaFoX5DRecLi,Oskar Linnros,spotify:album:34lyXT8H9sHsYTgIh0qpSw,Klappar och slag,spotify:artist:3E8Mx37sikkaFoX5DRecLi,Oskar Linnros,2013-01-01,https://i.scdn.co/image/ab67616d0000b273d03363d4cb070f431428da9a,1,7,235853,https://p.scdn.co/mp3-preview/a5b8e83b2f58864ab1ce2968f4149fe34ebd0067?cid=9950ac751e34487dbbe027c4fd7f8e99,False,56,SEUM71300948,spotify:user:isak.sjoholm.,2023-05-07T07:19:42Z,svensk pop,0.61,0.843,1.0,-5.5,1.0,0.115,0.111,0.0035,0.0895,0.567,155.015,4.0,,Universal Music AB,"C © 2013 Dundra Publikationer AB, Under exclusive license to Universal Music AB, P ℗ 2013 Dundra Publikationer AB, Under exclusive license to Universal Music AB"
spotify:track:4VrGv42lpTfXzKnWGT5VD0,Från balkongen,spotify:artist:3E8Mx37sikkaFoX5DRecLi,Oskar Linnros,spotify:album:34lyXT8H9sHsYTgIh0qpSw,Klappar och slag,spotify:artist:3E8Mx37sikkaFoX5DRecLi,Oskar Linnros,2013-01-01,https://i.scdn.co/image/ab67616d0000b273d03363d4cb070f431428da9a,1,7,235853,https://p.scdn.co/mp3-preview/a5b8e83b2f58864ab1ce2968f4149fe34ebd0067?cid=9950ac751e34487dbbe027c4fd7f8e99,False,56,SEUM71300948,,2019-03-21T15:32:31Z,svensk pop,0.61,0.843,1.0,-5.5,1.0,0.115,0.111,0.0035,0.0895,0.567,155.015,4.0,,Universal Music AB,"C © 2013 Dundra Publikationer AB, Under exclusive license to Universal Music AB, P ℗ 2013 Dundra Publikationer AB, Under exclusive license to Universal Music AB"
spotify:track:4VrGv42lpTfXzKnWGT5VD0,Från balkongen,spotify:artist:3E8Mx37sikkaFoX5DRecLi,Oskar Linnros,spotify:album:34lyXT8H9sHsYTgIh0qpSw,Klappar och slag,spotify:artist:3E8Mx37sikkaFoX5DRecLi,Oskar Linnros,2013-01-01,https://i.scdn.co/image/ab67616d0000b273d03363d4cb070f431428da9a,1,7,235853,https://p.scdn.co/mp3-preview/a5b8e83b2f58864ab1ce2968f4149fe34ebd0067?cid=9950ac751e34487dbbe027c4fd7f8e99,False,56,SEUM71300948,spotify:user:isak.sjoholm.,2025-03-02T21:12:00Z,svensk pop,0.61,0.843,1.0,-5.5,1.0,0.115,0.111,0.0035,0.0895,0.567,155.015,4.0,,Universal Music AB,"C © 2013 Dundra Publikationer AB, Under exclusive license to Universal Music AB, P ℗ 2013 Dundra Publikationer AB, Under exclusive license to Universal Music AB"
spotify:track:4VrGv42lpTfXzKnWGT5VD0,Från balkongen,spotify:artist:3E8Mx37sikkaFoX5DRecLi,Oskar Linnros,spotify:album:34lyXT8H9sHsYTgIh0qpSw,Klappar och slag,spotify:artist:3E8Mx37sikkaFoX5DRecLi,Oskar Linnros,2013-01-01,https://i.scdn.co/image/ab67616d0000b273d03363d4cb070f431428da9a,1,7,235853,https://p.scdn.co/mp3-preview/a5b8e83b2f58864ab1ce2968f4149fe34ebd0067?cid=9950ac751e34487dbbe027c4fd7f8e99,False,56,SEUM71300948,spotify:user:isak.sjoholm.,2023-05-07T07:19:42Z,svensk pop,0.61,0.843,1.0,-5.5,1.0,0.115,0.111,0.0035,0.0895,0.567,155.015,4.0,,Universal Music AB,"C © 2013 Dundra Publikationer AB, Under exclusive license to Universal Music AB, P ℗ 2013 Dundra Publikationer AB, Under exclusive license to Universal Music AB"
spotify:track:0LVaveDmmoMEKhBGhVhfoI,This Head I Hold,spotify:artist:7sgWBYtJpblXpJl2lU5WVs,Electric Guest,spotify:album:2RmYavmwTVl0MOhfyySBJz,Mondo,spotify:artist:7sgWBYtJpblXpJl2lU5WVs,Electric Guest,2012-04-23,https://i.scdn.co/image/ab67616d0000b2736466e833eb9b18310fab4de4,1,2,175773,https://p.scdn.co/mp3-preview/1e59960c0e80f64f877186ae9373926b182efe51?cid=9950ac751e34487dbbe027c4fd7f8e99,False,60,USCJ81100776,spotify:user:isak.sjoholm.,2025-07-18T13:12:00Z,,0.663,0.873,0.0,-4.915,1.0,0.0328,0.0268,0.0108,0.261,0.962,162.021,4.0,,Asa Taccone,"C 2012 Electric Guest under exclusive license to Because Music, P 2012 Electric Guest under exclusive license to Because Music"
spotify:track:0LVaveDmmoMEKhBGhVhfoI,This Head I Hold,spotify:artist:7sgWBYtJpblXpJl2lU5WVs,Electric Guest,spotify:album:2RmYavmwTVl0MOhfyySBJz,Mondo,spotify:artist:7sgWBYtJpblXpJl2lU5WVs,Electric Guest,2012-04-23,https://i.scdn.co/image/ab67616d0000b2736466e833eb9b18310fab4de4,1,2,175773,https://p.scdn.co/mp3-preview/1e59960c0e80f64f877186ae9373926b182efe51?cid=9950ac751e34487dbbe027c4fd7f8e99,False,60,USCJ81100776,spotify:user:isak.sjoholm.,2025-07-18T13:12:00Z,,0.663,0.873,0.0,-4.915,1.0,0.0328,0.0268,0.0108,0.261,0.962,162.021,4.0,,Asa Taccone,"C 2012 Electric Guest under exclusive license to Because Music, P 2012 Electric Guest under exclusive license to Because Music"
spotify:track:1NXquzhTJuXXPCgk8pFItI,Mi colega de siempre,spotify:artist:2dJyJptNE5bMmbN6z08iNJ,El Arrebato,spotify:album:2fU7l8soMPUrdJHPrso2ya,Que Salga El Sol Por Donde Quiera,spotify:artist:2dJyJptNE5bMmbN6z08iNJ,El Arrebato,2004-08-30,https://i.scdn.co/image/ab67616d0000b27327b8c0273ebaaf6e48544cf8,1,7,260760,https://p.scdn.co/mp3-preview/42a2b9aaa0a6473095f7fe8c40df1320ca63cc4d?cid=9950ac751e34487dbbe027c4fd7f8e99,False,50,ES5080400558,spotify:user:isak.sjoholm.,2025-07-18T13:18:54Z,"flamenco,flamenco pop",0.648,0.906,10.0,-2.922,0.0,0.0373,0.0808,0.0,0.0682,0.915,156.868,4.0,,Parlophone Spain,"C © 2004 Parlophone Music Spain, S.A.España, P ℗ 2004 Publicado por Parlophone Music Spain, S.A."
spotify:track:1NXquzhTJuXXPCgk8pFItI,Mi colega de siempre,spotify:artist:2dJyJptNE5bMmbN6z08iNJ,El Arrebato,spotify:album:2fU7l8soMPUrdJHPrso2ya,Que Salga El Sol Por Donde Quiera,spotify:artist:2dJyJptNE5bMmbN6z08iNJ,El Arrebato,2004-08-30,https://i.scdn.co/image/ab67616d0000b27327b8c0273ebaaf6e48544cf8,1,7,260760,https://p.scdn.co/mp3-preview/42a2b9aaa0a6473095f7fe8c40df1320ca63cc4d?cid=9950ac751e34487dbbe027c4fd7f8e99,False,50,ES5080400558,spotify:user:isak.sjoholm.,2025-07-18T13:18:54Z,"flamenco,flamenco pop",0.648,0.906,10.0,-2.922,0.0,0.0373,0.0808,0.0,0.0682,0.915,156.868,4.0,,Parlophone Spain,"C © 2004 Parlophone Music Spain, S.A.España, P ℗ 2004 Publicado por Parlophone Music Spain, S.A."
spotify:track:7DHjerIyPHNokLIQOmbo9b,Like It Like That,spotify:artist:5PjekOABtfU2Kwo0AHVmci,Guy Sebastian,spotify:album:5mrXvDnW1MK275vDsplMIF,Like It Like That,spotify:artist:5PjekOABtfU2Kwo0AHVmci,Guy Sebastian,2009-10-23,https://i.scdn.co/image/ab67616d0000b273b156fa49f0e23495db026fc9,1,1,241973,https://p.scdn.co/mp3-preview/5201361a876cfec9fc5da2aaaea7e56171b3a682?cid=9950ac751e34487dbbe027c4fd7f8e99,False,48,AUBM00900190,spotify:user:isak.sjoholm.,2025-07-18T13:09:19Z,,0.585,0.973,2.0,-2.894,1.0,0.0733,0.00676,5.21e-05,0.262,0.958,161.05,4.0,,Sony Music Entertainment,P (P) 2009 Sony Music Entertainment Australia Pty Ltd.
spotify:track:7DHjerIyPHNokLIQOmbo9b,Like It Like That,spotify:artist:5PjekOABtfU2Kwo0AHVmci,Guy Sebastian,spotify:album:5mrXvDnW1MK275vDsplMIF,Like It Like That,spotify:artist:5PjekOABtfU2Kwo0AHVmci,Guy Sebastian,2009-10-23,https://i.scdn.co/image/ab67616d0000b273b156fa49f0e23495db026fc9,1,1,241973,https://p.scdn.co/mp3-preview/5201361a876cfec9fc5da2aaaea7e56171b3a682?cid=9950ac751e34487dbbe027c4fd7f8e99,False,48,AUBM00900190,spotify:user:isak.sjoholm.,2025-07-18T13:09:19Z,,0.585,0.973,2.0,-2.894,1.0,0.0733,0.00676,5.21e-05,0.262,0.958,161.05,4.0,,Sony Music Entertainment,P (P) 2009 Sony Music Entertainment Australia Pty Ltd.
