"Låtens URI","Låtens namn","Artistens URI","Artistens namn","Albumets URI","Albumets namn","Albumartistens URI","Albumartistens namn","Albumets releasedatum","Albumets bild-URL","Skivnummer","Låtnummer","Låtlängd (ms)","Förhandsgranskning URL","Explicit","Popularitet","ISRC","Tillagd av","Tillagd vid","Artistens genrer","Dansbarhet","Energi","Tonart","Ljudstyrka","Läge","Talighet","Akustik","Instrumentalhet","Livlighet","Valens","Tempo","Taktart","Albumets genrer","Skivbolag","Upphovsrätt"
"spotify:track:2Wo6QQD1KMDWeFkkjLqwx5","Roses - Imanbek Remix","spotify:artist:0H39MdGGX6dbnnQPt6NQkZ, spotify:artist:5rGrDvrLOV2VV8SCFVGWlj","SAINt JHN, Imanbek","spotify:album:6XcYTEonLIpg9NpAbJnqrC","Roses (Imanbek Remix)","spotify:artist:0H39MdGGX6dbnnQPt6NQkZ, spotify:artist:5rGrDvrLOV2VV8SCFVGWlj","SAINt JHN, Imanbek","2019-09-13","https://i.scdn.co/image/ab67616d0000b27369450869a3ffaf23bc3898bf","1","1","176218","https://p.scdn.co/mp3-preview/577cd73a377297f9b7fa57d809cd270dfce8513f?cid=9950ac751e34487dbbe027c4fd7f8e99","true","11","RUB421901499","spotify:user:p8u4bg39u8ew4b58wtkpj73f8","2021-09-02T13:49:52Z","slap house","0.785","0.721","8","-5.457","1","0.0506","0.0149","0.00432","0.285","0.894","121.962","4","","HITCO","C © 2019 Godd Complexx / HITCO, P ℗ 2019 Godd Complexx / HITCO"
"spotify:track:0siYMEsGrzzzlWLXK5zJfS","BED","spotify:artist:6DgP9otnZw5z6daOntINxp, spotify:artist:5KKpBU5eC2tJDzf0wmlRp2, spotify:artist:1Cs0zKBU1kc0i8ypK3B9ai","Joel Corry, RAYE, David Guetta","spotify:album:36tML2tWjDrbLW4FgrX17U","BED","spotify:artist:6DgP9otnZw5z6daOntINxp, spotify:artist:5KKpBU5eC2tJDzf0wmlRp2, spotify:artist:1Cs0zKBU1kc0i8ypK3B9ai","Joel Corry, RAYE, David Guetta","2021-02-26","https://i.scdn.co/image/ab67616d0000b273b06c09b9f72389ee7f1cbd6b","1","1","178087","https://p.scdn.co/mp3-preview/94fe8be6130e62c1cc2b792605f5a9001c9aa587?cid=9950ac751e34487dbbe027c4fd7f8e99","false","73","UK4ZF2100069","spotify:user:p8u4bg39u8ew4b58wtkpj73f8","2021-09-02T13:49:52Z","danspop,edm,dance","0.671","0.782","6","-4.593","1","0.0341","0.0142","0.00221","0.333","0.618","123.989","4","","Perfect Havoc / Asylum Records","C Under exclusive licence to Asylum Records UK, a division of Warner Music UK Limited, © 2021 Perfect Havoc Limited, P Under exclusive licence to Asylum Records UK, a division of Warner Music UK Limited, ℗ 2021 Perfect Havoc Limited"
"spotify:track:5HCyWlXZPP0y6Gqq8TgA20","STAY (with Justin Bieber)","spotify:artist:2tIP7SsRs7vjIcLrU85W8J, spotify:artist:1uNFoZAHBGtllmzznpCI3s","The Kid LAROI, Justin Bieber","spotify:album:4QLAtpLNUsHEYrcHXmMIZZ","STAY (with Justin Bieber)","spotify:artist:2tIP7SsRs7vjIcLrU85W8J, spotify:artist:1uNFoZAHBGtllmzznpCI3s","The Kid LAROI, Justin Bieber","2021-07-09","https://i.scdn.co/image/ab67616d0000b27341e31d6ea1d493dd77933ee5","1","1","141805","https://p.scdn.co/mp3-preview/718a2eb032524494a01f73d80af2bcf176c9f3e2?cid=9950ac751e34487dbbe027c4fd7f8e99","true","83","USSM12103949","spotify:user:p8u4bg39u8ew4b58wtkpj73f8","2021-09-02T13:49:52Z","","0.591","0.764","1","-5.484","1","0.0483","0.0383","0","0.103","0.478","169.928","4","","Columbia","P (P) 2021 Columbia Records, a Division of Sony Music Entertainment"
"spotify:track:1nYeVF5vIBxMxfPoL0SIWg","Hallucinate","spotify:artist:6M2wZ9GZgrQXHCFfjv46we","Dua Lipa","spotify:album:7fJJK56U9fHixgO0HQkhtI","Future Nostalgia","spotify:artist:6M2wZ9GZgrQXHCFfjv46we","Dua Lipa","2020-03-27","https://i.scdn.co/image/ab67616d0000b2734bc66095f8a70bc4e6593f4f","1","7","208505","https://p.scdn.co/mp3-preview/e5d69bcaad84fea949e66e8c7cb46017ad8b34ee?cid=9950ac751e34487dbbe027c4fd7f8e99","false","71","GBAHT1901301","spotify:user:p8u4bg39u8ew4b58wtkpj73f8","2021-09-02T13:49:52Z","pop","0.627","0.69","10","-5.396","0","0.139","0.033","0","0.0742","0.627","122.053","4","","Warner Records","C © 2020 Dua Lipa Limited under exclusive license to Warner Records UK, a division of Warner Music UK Limited, P ℗ 2020 Dua Lipa Limited under exclusive license to Warner Records UK, a division of Warner Music UK Limited, with the exception of track 1 & 2 2019 Dua Lipa Limited under exclusive license to Warner Records UK, a division of Warner Music UK Limited"
"spotify:track:0csz09qS2n8Jo7LogHKu7j","Tondo","spotify:artist:6nS5roXSAGhTGr34W6n7Et, spotify:artist:7hs75D38FalYWr7BDO1WPh","Disclosure, Eko Roosevelt","spotify:album:6wp1us3xBnYz5qldxrZXRf","ENERGY (Deluxe)","spotify:artist:6nS5roXSAGhTGr34W6n7Et","Disclosure","2020-08-28","https://i.scdn.co/image/ab67616d0000b273355bf68fa788b6d401195b43","2","2","329280","https://p.scdn.co/mp3-preview/5594e27ed44af86c720ed4ec2c47a7ada8071549?cid=9950ac751e34487dbbe027c4fd7f8e99","false","64","GBUM72000253","spotify:user:p8u4bg39u8ew4b58wtkpj73f8","2021-09-02T13:49:52Z","house","0.675","0.92","0","-7.153","0","0.0539","0.0126","0.117","0.329","0.842","132.001","4","","Universal-Island Records Ltd.","C © 2020 Island Records, a division of Universal Music Operations Limited, P ℗ 2020 Island Records, a division of Universal Music Operations Limited"
"spotify:track:4cG7HUWYHBV6R6tHn1gxrl","Friday (feat. Mufasa & Hypeman) - Dopamine Re-Edit","spotify:artist:7i9j813KFoSBMldGqlh2Z1, spotify:artist:1gALaWbNDnwS2ECV09sn2A, spotify:artist:4L2dV3zY7RmkeiNO035Fi0, spotify:artist:23rdR5gsZI5BqncTEKLtDU, spotify:artist:3Edve4VIATi0OZngclQlkN","Riton, Nightcrawlers, Mufasa & Hypeman, Mufasa, Dopamine","spotify:album:39qsmsNRXjVaFqTZj9af0j","Friday (feat. Mufasa & Hypeman) [Dopamine Re-Edit]","spotify:artist:7i9j813KFoSBMldGqlh2Z1, spotify:artist:1gALaWbNDnwS2ECV09sn2A, spotify:artist:4L2dV3zY7RmkeiNO035Fi0","Riton, Nightcrawlers, Mufasa & Hypeman","2021-01-15","https://i.scdn.co/image/ab67616d0000b273815cb538fd7821595b2bc8c5","1","1","169153","https://p.scdn.co/mp3-preview/0a9ed687dddcd95c83e37099958bdc6d54430e4d?cid=9950ac751e34487dbbe027c4fd7f8e99","false","80","GBCEN2000163","spotify:user:p8u4bg39u8ew4b58wtkpj73f8","2021-09-02T13:49:52Z","house","0.824","0.862","2","-3.424","1","0.126","0.0076","0.000132","0.303","0.801","122.98","4","","Ministry of Sound Recordings","P (P) 2021 Ministry of Sound Recordings Limited"
"spotify:track:2ZEq4HT450Ye9IFGPTl9qV","Lonely","spotify:artist:6DgP9otnZw5z6daOntINxp","Joel Corry","spotify:album:3zxRCukRL1NQC4vo7ipUet","Lonely","spotify:artist:6DgP9otnZw5z6daOntINxp","Joel Corry","2020-01-24","https://i.scdn.co/image/ab67616d0000b27370f6dff324c2ab24e40972be","1","1","190955","https://p.scdn.co/mp3-preview/2e7ca79a33ea7c3766adf2102a3cb6d4d6b3a71a?cid=9950ac751e34487dbbe027c4fd7f8e99","false","63","UK4ZF2000040","spotify:user:p8u4bg39u8ew4b58wtkpj73f8","2021-09-02T13:49:52Z","danspop","0.697","0.921","5","-4.283","1","0.0424","0.0946","0.000019","0.159","0.722","123.988","4","","Atlantic Records UK","C © 2020 Perfect Havoc Limited under exclusive licence to Asylum Records UK, a division of Warner Music UK Limited., P ℗ 2020 Perfect Havoc Limited under exclusive licence to Asylum Records UK, a division of Warner Music UK Limited."
"spotify:track:6cx06DFPPHchuUAcTxznu9","Head & Heart (feat. MNEK)","spotify:artist:6DgP9otnZw5z6daOntINxp, spotify:artist:7uMh23xWiuR7zsNkuNcm2G","Joel Corry, MNEK","spotify:album:5glfCPECXSHzidU6exW8wO","Head & Heart (feat. MNEK)","spotify:artist:6DgP9otnZw5z6daOntINxp, spotify:artist:7uMh23xWiuR7zsNkuNcm2G","Joel Corry, MNEK","2020-07-03","https://i.scdn.co/image/ab67616d0000b27391e93c59bacfe819db9601eb","1","1","166028","https://p.scdn.co/mp3-preview/3938e09213235a9c38dc190ec5e72024c5edf746?cid=9950ac751e34487dbbe027c4fd7f8e99","false","81","UK4ZF2000305","spotify:user:p8u4bg39u8ew4b58wtkpj73f8","2021-09-02T13:49:52Z","danspop","0.734","0.874","8","-3.158","1","0.0662","0.168","0.0000114","0.0489","0.905","122.953","4","","Atlantic Records UK","C © 2020 Perfect Havoc Limited, P under exclusive licence to Warner Music UK Limited, an Asylum Records UK release, ℗ 2020 Perfect Havoc Limited."
"spotify:track:0k2GOhqsrxDTAbFFSdNJjT","Temperature","spotify:artist:3Isy6kedDrgPYoTS1dazA9","Sean Paul","spotify:album:32Bu3ETQhR1PFCj3ndDlYf","The Trinity","spotify:artist:3Isy6kedDrgPYoTS1dazA9","Sean Paul","2005-09-27","https://i.scdn.co/image/ab67616d0000b273d98221377ef3b1a7ad0a5d33","1","11","216320","https://p.scdn.co/mp3-preview/c697afd9e7317c75b5ffef0aba70405a250212ef?cid=9950ac751e34487dbbe027c4fd7f8e99","false","87","USAT20505520","spotify:user:p8u4bg39u8ew4b58wtkpj73f8","2021-09-02T13:49:52Z","dancehall","0.951","0.6","0","-4.675","0","0.0685","0.106","0","0.0712","0.822","125.04","4","","VP Records","C © 2005 VP Records, a division of VP Music Group, Inc., P ℗ 2005 VP Records, a division of VP Music Group, Inc."
"spotify:track:58q2HKrzhC3ozto2nDdN4z","I Like It","spotify:artist:4kYSro6naA4h99UJvo89HB, spotify:artist:4q3ewBCX7sLwd24euuV69X, spotify:artist:1vyhD5VmyZ7KMfW5gqLgo5","Cardi B, Bad Bunny, J Balvin","spotify:album:4KdtEKjY3Gi0mKiSdy96ML","Invasion of Privacy","spotify:artist:4kYSro6naA4h99UJvo89HB","Cardi B","2018-04-06","https://i.scdn.co/image/ab67616d0000b273a0caffda54afd0a65995bbab","1","7","253390","https://p.scdn.co/mp3-preview/0fe3542d88da43dd131627df756ac1ce318713fd?cid=9950ac751e34487dbbe027c4fd7f8e99","true","81","USAT21801431","spotify:user:p8u4bg39u8ew4b58wtkpj73f8","2021-09-02T13:49:52Z","reggaeton,latinamerikansk trap,urbano latino,latino,reggaeton,latino","0.816","0.726","5","-3.998","0","0.129","0.099","0","0.372","0.65","136.048","4","","Atlantic/KSR","C © 2018 Atlantic Recording Corporation for the United States and WEA International Inc. for the world outside of the United States. A Warner Music Group Company, P ℗ 2018 Atlantic Recording Corporation for the United States and WEA International Inc. for the world outside of the United States. A Warner Music Group Company"
"spotify:track:5T8EDUDqKcs6OSOwEsfqG7","Don't Stop Me Now - Remastered 2011","spotify:artist:1dfeR4HaWDbWqFHLkxsg1d","Queen","spotify:album:2yuTRGIackbcReLUXOYBqU","Jazz (2011 Remaster)","spotify:artist:1dfeR4HaWDbWqFHLkxsg1d","Queen","1978-11-10","https://i.scdn.co/image/ab67616d0000b2737c39dd133836c2c1c87e34d6","1","12","209413","https://p.scdn.co/mp3-preview/857030fc088d0d4f72f7795b260bb052d20f7146?cid=9950ac751e34487dbbe027c4fd7f8e99","false","85","GBUM71029610","spotify:user:p8u4bg39u8ew4b58wtkpj73f8","2021-09-02T13:49:52Z","klassisk rock,rock,glamrock","0.559","0.868","5","-5.276","1","0.17","0.0475","0.000176","0.776","0.609","156.295","4","","EMI","C © 2011 Raincloud Productions Ltd. under exclusive licence to Universal International Music BV, P ℗ 2011 Raincloud Productions Ltd. under exclusive licence to Universal International Music BV"
"spotify:track:3QjpO5xOB9ErJ95AxT0h0r","Little Lion Man","spotify:artist:3gd8FJtBJtkRxdfbTu19U2","Mumford & Sons","spotify:album:46VcvAWpybuvO2ZnShwC2N","Sigh No More (Deluxe)","spotify:artist:3gd8FJtBJtkRxdfbTu19U2","Mumford & Sons","2010-01-01","https://i.scdn.co/image/ab67616d0000b2731ed5ebb96f9a4fa7068dce9e","1","7","247000","https://p.scdn.co/mp3-preview/7885376968b319b659938754ccb286a5254c2a18?cid=9950ac751e34487dbbe027c4fd7f8e99","true","60","GBUM70909097","spotify:user:p8u4bg39u8ew4b58wtkpj73f8","2021-10-19T07:45:52Z","folkmusik,indiefolk,folkrock","0.519","0.494","5","-8.03","1","0.0275","0.0287","0.0000334","0.0892","0.482","138.52","4","","Universal-Island Records Ltd.","C © 2010 Mumford & Sons, Under exclusive license to Universal Island Records Ltd. A Universal Music Company, P ℗ 2010 Mumford & Sons, Under exclusive license to Universal Island Records Ltd. A Universal Music Company"
"spotify:track:4ksheDQWyWfjG5ETO0aokW","Heaven On My Mind (with Sigala)","spotify:artist:4EPJlUEBy49EX1wuFOvtjK, spotify:artist:1IueXOQyABrMOprrzwQJWN","Becky Hill, Sigala","spotify:album:2LWAzUYdZSUq0fW8ddbL1Q","Only Honest On The Weekend","spotify:artist:4EPJlUEBy49EX1wuFOvtjK","Becky Hill","2021-08-27","https://i.scdn.co/image/ab67616d0000b273afeb6f4556e7125e4272780f","1","13","193360","https://p.scdn.co/mp3-preview/bd39863e24e1f0a9789d3c7721fc9c28dc9d68fe?cid=9950ac751e34487dbbe027c4fd7f8e99","false","52","GBUM71906426","spotify:user:p8u4bg39u8ew4b58wtkpj73f8","2021-10-19T07:46:09Z","","0.708","0.883","0","-3.068","0","0.0773","0.0309","0","0.191","0.667","125.04","4","","Polydor Records","C © 2021 Universal Music Operations Limited, P ℗ 2021 Universal Music Operations Limited"
"spotify:track:6bQfNiqyCX7UaQSvVVGo4I","Shivers","spotify:artist:6eUKZXaKkcviH0Ku9w2n3V","Ed Sheeran","spotify:album:5kFCfioZraFsRWpoitQjmx","Shivers","spotify:artist:6eUKZXaKkcviH0Ku9w2n3V","Ed Sheeran","2021-09-10","https://i.scdn.co/image/ab67616d0000b273469407300636945a5eb2d9ed","1","1","207853","https://p.scdn.co/mp3-preview/08cec59d36ac30ae9ce1e2944f206251859844af?cid=9950ac751e34487dbbe027c4fd7f8e99","false","8","GBAHS2100671","spotify:user:p8u4bg39u8ew4b58wtkpj73f8","2021-11-20T11:30:38Z","lugn pop","0.788","0.859","2","-2.724","1","0.0856","0.281","0","0.0424","0.822","141.02","4","","Atlantic Records UK","C An Asylum Records UK release, a division of Atlantic Records UK, © 2021 Warner Music UK Limited, P An Asylum Records UK release, a division of Atlantic Records UK, ℗ 2021 Warner Music UK Limited"
"spotify:track:3Vi5XqYrmQgOYBajMWSvCi","Need to Know","spotify:artist:5cj0lLjcoR7YOSnhnX0Po5","Doja Cat","spotify:album:1nAQbHeOWTfQzbOoFrvndW","Planet Her","spotify:artist:5cj0lLjcoR7YOSnhnX0Po5","Doja Cat","2021-06-25","https://i.scdn.co/image/ab67616d0000b273be841ba4bc24340152e3a79a","1","5","210560","https://p.scdn.co/mp3-preview/153dc4a72a260497f8ea87a00e2af7afb0a0df08?cid=9950ac751e34487dbbe027c4fd7f8e99","true","82","USRC12101120","spotify:user:p8u4bg39u8ew4b58wtkpj73f8","2021-11-20T11:33:11Z","","0.664","0.609","1","-6.509","1","0.0707","0.304","0","0.0926","0.194","130.041","4","","Kemosabe Records/RCA Records","P (P) 2021 Kemosabe Records/RCA Records"
"spotify:track:6PERP62TejQjgHu81OHxgM","good 4 u","spotify:artist:1McMsnEElThX1knmY4oliG","Olivia Rodrigo","spotify:album:3rMjL8NA5Wh2hbMNk2fSlY","good 4 u","spotify:artist:1McMsnEElThX1knmY4oliG","Olivia Rodrigo","2021-05-14","https://i.scdn.co/image/ab67616d0000b273670ec029374e082f921f9f74","1","1","178147","https://p.scdn.co/mp3-preview/b842388e0a8bb4c8667f77d645b25fdcd50961c1?cid=9950ac751e34487dbbe027c4fd7f8e99","true","24","USUG12101245","spotify:user:p8u4bg39u8ew4b58wtkpj73f8","2021-11-20T11:33:22Z","","0.556","0.661","6","-5.052","0","0.204","0.3","0","0.101","0.668","168.56","4","","Olivia Rodrigo PS","C © 2021 Olivia Rodrigo, under exclusive license to Geffen Records, P ℗ 2021 Olivia Rodrigo, under exclusive license to Geffen Records"
"spotify:track:5nujrmhLynf4yMoMtj8AQF","Levitating (feat. DaBaby)","spotify:artist:6M2wZ9GZgrQXHCFfjv46we, spotify:artist:4r63FhuTkUYltbVAg5TQnk","Dua Lipa, DaBaby","spotify:album:5lKlFlReHOLShQKyRv6AL9","Future Nostalgia","spotify:artist:6M2wZ9GZgrQXHCFfjv46we","Dua Lipa","2020-03-27","https://i.scdn.co/image/ab67616d0000b2732172b607853fa89cefa2beb4","1","12","203064","https://p.scdn.co/mp3-preview/6af6db91dba9103cca41d6d5225f6fe120fcfcd3?cid=9950ac751e34487dbbe027c4fd7f8e99","false","85","GBAHT2000942","spotify:user:p8u4bg39u8ew4b58wtkpj73f8","2022-02-09T12:27:23Z","pop","0.702","0.825","6","-3.787","0","0.0601","0.00883","0","0.0674","0.915","102.977","4","","Warner Records","C © 2020 Dua Lipa Limited under exclusive license to Warner Records UK, a division of Warner Music UK Limited, P ℗ 2020 Dua Lipa Limited under exclusive license to Warner Records UK, a division of Warner Music UK Limited, with the exception of track 1 & 2 2019 Dua Lipa Limited under exclusive license to Warner Records UK, a division of Warner Music UK Limited"
"spotify:track:7zx1i0jGcFwMBurajgKlO7","Black Magic","spotify:artist:7u4ayw4QFEsolPxZgnPAMT","Jonasu","spotify:album:5AK6JW4lDEomh8p9LdTSV3","Black Magic","spotify:artist:7u4ayw4QFEsolPxZgnPAMT","Jonasu","2020-12-18","https://i.scdn.co/image/ab67616d0000b2732d846760757868b00e08dae1","1","1","174193","https://p.scdn.co/mp3-preview/902d367aec29645c1440067cc42d3c812fad6ad8?cid=9950ac751e34487dbbe027c4fd7f8e99","false","60","GBSXS2000241","spotify:user:p8u4bg39u8ew4b58wtkpj73f8","2022-02-09T12:27:25Z","","0.812","0.634","8","-4.96","1","0.163","0.0564","0","0.276","0.463","124.074","4","","3Beat","C © 2020 3Beat Productions Limited, P ℗ 2020 3Beat Productions Limited"
"spotify:track:5K6Ssv4Z3zRvxt0P6EKUAP","Heartbreak Anthem (with David Guetta & Little Mix)","spotify:artist:4sTQVOfp9vEMCemLw50sbu, spotify:artist:1Cs0zKBU1kc0i8ypK3B9ai, spotify:artist:3e7awlrlDSwF3iM0WBjGMp","Galantis, David Guetta, Little Mix","spotify:album:6kBuGNoOGE7uiPhN82dcJ1","Heartbreak Anthem (with David Guetta & Little Mix)","spotify:artist:4sTQVOfp9vEMCemLw50sbu, spotify:artist:1Cs0zKBU1kc0i8ypK3B9ai, spotify:artist:3e7awlrlDSwF3iM0WBjGMp","Galantis, David Guetta, Little Mix","2021-05-20","https://i.scdn.co/image/ab67616d0000b2731fcd19d56ad06561b76c1665","1","1","183725","https://p.scdn.co/mp3-preview/fc1aa9aa9e150cae0ad9c545a7f2ea1e3d1fc903?cid=9950ac751e34487dbbe027c4fd7f8e99","false","73","USAT22102165","spotify:user:p8u4bg39u8ew4b58wtkpj73f8","2022-02-09T12:27:32Z","edm,dance","0.595","0.784","1","-4.878","1","0.102","0.216","0","0.0608","0.479","124.111","4","","Big Beat Records","C © 2021 Atlantic Recording Corporation, P ℗ 2021 Atlantic Recording Corporation"
"spotify:track:20on25jryn53hWghthWWW3","Do It To It","spotify:artist:4pnp4w9g30yLfVIAFnZMRd, spotify:artist:1c70yCa8sRgIiQxl3HOEFo","ACRAZE, Cherish","spotify:album:58cd90Jkrovggh556JPN9L","Do It To It","spotify:artist:4pnp4w9g30yLfVIAFnZMRd","ACRAZE","2021-08-20","https://i.scdn.co/image/ab67616d0000b27384d413b195aac8a69cc6e5c6","1","1","157890","https://p.scdn.co/mp3-preview/83667924d625146cf6a31a198ff9e2bc25867a54?cid=9950ac751e34487dbbe027c4fd7f8e99","false","80","QZFPL2100100","spotify:user:p8u4bg39u8ew4b58wtkpj73f8","2022-02-09T12:33:13Z","tech house","0.854","0.806","11","-8.262","0","0.0886","0.0209","0.0542","0.0703","0.637","124.927","4","","Thrive Music, LLC","C © 2021 Thrive Music, LLC, P ℗ 2021 Thrive Music, LLC"
"spotify:track:4kbj5MwxO1bq9wjT5g9HaA","Shut Up and Dance","spotify:artist:6DIS6PRrLS3wbnZsf7vYic","WALK THE MOON","spotify:album:3mNoFlD1wsoXfkljfFzExT","TALKING IS HARD","spotify:artist:6DIS6PRrLS3wbnZsf7vYic","WALK THE MOON","2014-12-02","https://i.scdn.co/image/ab67616d0000b27343294cfa2688055c9d821bf3","1","3","199080","https://p.scdn.co/mp3-preview/4309fadd9a0d573c1fafcca507e024b3bb51266b?cid=9950ac751e34487dbbe027c4fd7f8e99","false","87","USRC11401949","spotify:user:p8u4bg39u8ew4b58wtkpj73f8","2022-07-26T14:34:45Z","","0.578","0.866","1","-3.804","1","0.0619","0.00701","0","0.257","0.619","128.038","4","","RCA Records Label","P (P) 2014 RCA Records, a division of Sony Music Entertainment"
"spotify:track:40SBS57su9xLiE1WqkXOVr","Afraid To Feel","spotify:artist:0HxX6imltnNXJyQhu4nsiO","LF SYSTEM","spotify:album:528LrHfHcB7PMAvyp8Obhp","Afraid To Feel","spotify:artist:0HxX6imltnNXJyQhu4nsiO","LF SYSTEM","2022-05-02","https://i.scdn.co/image/ab67616d0000b273ced808ef1567eaf901041438","1","1","177524","https://p.scdn.co/mp3-preview/ef097e0e455e0958ae85f58582eff55537d2a507?cid=9950ac751e34487dbbe027c4fd7f8e99","false","83","GBAHT2200492","spotify:user:p8u4bg39u8ew4b58wtkpj73f8","2022-07-27T10:11:32Z","","0.578","0.912","1","-3.929","1","0.114","0.0166","0.00362","0.273","0.68","127.87","4","","Warner Records","C © 2022 Warner Music UK Limited, P ℗ 2022 Warner Music UK Limited"
"spotify:track:7nHy10xEOC3WTzSaLWxlyL","Bananza (Belly Dancer)","spotify:artist:7sAqpkrQBaOkddsv1Tz1XK","Mosimann","spotify:album:1m9YtgKkfp12kYjlXMRzCT","Bananza (Belly Dancer)","spotify:artist:7sAqpkrQBaOkddsv1Tz1XK","Mosimann","2022-02-18","https://i.scdn.co/image/ab67616d0000b273ee4903659189a553fbbb43ff","1","1","147881","https://p.scdn.co/mp3-preview/dd6ec350b2e999d54b734e8c022921f01262b6d1?cid=9950ac751e34487dbbe027c4fd7f8e99","false","44","DK4YA2274301","spotify:user:p8u4bg39u8ew4b58wtkpj73f8","2022-07-27T10:26:39Z","","0.838","0.897","9","-4.582","0","0.0787","0.00738","0.119","0.0838","0.645","123.985","4","","One Seven Music","C (C) 2022 One Seven Music, P (P) 2022 One Seven Music"
"spotify:track:3Fzlg5r1IjhLk2qRw667od","Dancing in the Moonlight","spotify:artist:6xeFne1rkxMhKSW3ipvkdV","Toploader","spotify:album:2ww2PXKiHk7rNv26rjVJ5z","Onka's Big Moka","spotify:artist:6xeFne1rkxMhKSW3ipvkdV","Toploader","2000","https://i.scdn.co/image/ab67616d0000b273e16a6534cd5a968a5b725d03","1","2","232693","https://p.scdn.co/mp3-preview/6d259dc3c9bc978297f609514799792ab6d76eb3?cid=9950ac751e34487dbbe027c4fd7f8e99","false","82","GBBBL9902165","spotify:user:p8u4bg39u8ew4b58wtkpj73f8","2022-07-27T10:29:41Z","","0.632","0.856","10","-3.463","1","0.0348","0.0624","0","0.347","0.867","119.397","4","","Sony Soho Square","P (P) 2001 Sony Music Entertainment (UK) Ltd."
"spotify:track:3dPQuX8Gs42Y7b454ybpMR","Seven Nation Army","spotify:artist:4F84IBURUo98rz4r61KF70","The White Stripes","spotify:album:6D9urpsOWWKtYvF6PaorGE","Elephant","spotify:artist:4F84IBURUo98rz4r61KF70, spotify:artist:4FZ3j1oH43e7cukCALsCwf","The White Stripes, Jack White","2003-04-01","https://i.scdn.co/image/ab67616d0000b273a69f71a8794e2d867a52f98f","1","1","232106","https://p.scdn.co/mp3-preview/eca519f0a85862d9510d57d59df557081d375e3a?cid=9950ac751e34487dbbe027c4fd7f8e99","false","87","USVT10300001","spotify:user:p8u4bg39u8ew4b58wtkpj73f8","2022-07-27T10:32:06Z","garagerock,bluesrock,rock,alternativ rock","0.743","0.446","4","-7.807","0","0.0683","0.0039","0.118","0.337","0.278","123.596","4","","Legacy Recordings","P (P) 2003 Third Man Records"
"spotify:track:24Yi9hE78yPEbZ4kxyoXAI","Roses - Imanbek Remix","spotify:artist:0H39MdGGX6dbnnQPt6NQkZ, spotify:artist:5rGrDvrLOV2VV8SCFVGWlj","SAINt JHN, Imanbek","spotify:album:3GqSdhWjmMypMwPLtzoFYs","Roses (Imanbek Remix)","spotify:artist:0H39MdGGX6dbnnQPt6NQkZ, spotify:artist:5rGrDvrLOV2VV8SCFVGWlj","SAINt JHN, Imanbek","2019-10-09","https://i.scdn.co/image/ab67616d0000b273b340b496cb7c38d727ff40be","1","1","176840","https://p.scdn.co/mp3-preview/577cd73a377297f9b7fa57d809cd270dfce8513f?cid=9950ac751e34487dbbe027c4fd7f8e99","true","78","RUB421901499","spotify:user:p8u4bg39u8ew4b58wtkpj73f8","2022-07-27T10:34:32Z","slap house","0.77","0.724","8","-5.484","1","0.0495","0.0167","0.0107","0.353","0.898","121.975","4","","Columbia/B1 Recordings","P (P) 2019 HITCO AND Godd Complexx, Inc. under exclusive license to Effective Records / B1 Recordings GmbH, a Sony Music Entertainment company."
"spotify:track:3180WDzph4WrS4sLSNcGfa","Wings","spotify:artist:3e7awlrlDSwF3iM0WBjGMp","Little Mix","spotify:album:7B8LPRplA8cByTSzgQvdxd","DNA (Expanded Edition)","spotify:artist:3e7awlrlDSwF3iM0WBjGMp","Little Mix","2012-11-19","https://i.scdn.co/image/ab67616d0000b2735bec8b1a6a96e731dbd6f94f","1","1","221720","https://p.scdn.co/mp3-preview/0864d68918f3940b5a47d6e8c530ed511c6652f7?cid=9950ac751e34487dbbe027c4fd7f8e99","false","67","GBHMU1200137","spotify:user:p8u4bg39u8ew4b58wtkpj73f8","2022-07-27T10:36:52Z","","0.742","0.878","9","-3.127","0","0.128","0.000758","0.0000888","0.286","0.564","114.965","4","","Syco Music","P (P) 2020 Sony Sony Music Entertainment UK Limited"
"spotify:track:0vR2rIVORmgeKiGIgNT0fV","By Your Side (feat. Tom Grennan)","spotify:artist:7CajNmpbOovFoOoasH2HaY, spotify:artist:5SHxzwjek1Pipl1Yk11UHv","Calvin Harris, Tom Grennan","spotify:album:6Z6QdCXb3IBonAUSwLP4iB","By Your Side (feat. Tom Grennan)","spotify:artist:7CajNmpbOovFoOoasH2HaY, spotify:artist:5SHxzwjek1Pipl1Yk11UHv","Calvin Harris, Tom Grennan","2021-06-04","https://i.scdn.co/image/ab67616d0000b27326ab76de7cfa7b953e58caee","1","1","189671","https://p.scdn.co/mp3-preview/6b7a69680870dd0556ccd8d8e7dd5143277f2e80?cid=9950ac751e34487dbbe027c4fd7f8e99","false","67","GBARL2100439","spotify:user:p8u4bg39u8ew4b58wtkpj73f8","2022-07-27T10:42:46Z","edm","0.733","0.96","7","-3.597","1","0.0295","0.0514","0.00199","0.287","0.811","124.01","4","","Columbia","P (P) 2021 Sony Music Entertainment UK Limited"
"spotify:track:2dy2C0StZ3yiEeb0Aoolcn","Bang Bang","spotify:artist:5CCwRZC6euC8Odo6y9X8jr, spotify:artist:5rGrDvrLOV2VV8SCFVGWlj","Rita Ora, Imanbek","spotify:album:4xeVBTBwaVNQhUdIRC4G9s","Bang","spotify:artist:5CCwRZC6euC8Odo6y9X8jr, spotify:artist:5rGrDvrLOV2VV8SCFVGWlj","Rita Ora, Imanbek","2021-02-12","https://i.scdn.co/image/ab67616d0000b2730b94c63fde72efeb6fd512c4","1","2","179578","https://p.scdn.co/mp3-preview/ec4790fb839ecd2630ddc2eb8efbb3b68aed23da?cid=9950ac751e34487dbbe027c4fd7f8e99","false","50","GBAHS2100007","spotify:user:p8u4bg39u8ew4b58wtkpj73f8","2022-07-27T10:42:51Z","slap house","0.764","0.846","10","-2.743","0","0.0636","0.159","0.000263","0.0475","0.777","122.992","4","","Atlantic Records UK","C An Atlantic Records UK release, © 2021 Warner Music UK Limited., P An Atlantic Records UK release., ℗ 2021 Warner Music UK Limited.Except Track 1 2021 Warner Music UK Limited/ What a DJ Limited"
"spotify:track:1RF02Cf80mTaeNXG2P2boR","21 Reasons (feat. Ella Henderson)","spotify:artist:2gduEC76ry33RVurAvT05p, spotify:artist:7nDsS0l5ZAzMedVRKPP8F1","Nathan Dawe, Ella Henderson","spotify:album:118PKNjhP4NWcrW5OjMwzc","21 Reasons (feat. Ella Henderson)","spotify:artist:2gduEC76ry33RVurAvT05p, spotify:artist:7nDsS0l5ZAzMedVRKPP8F1","Nathan Dawe, Ella Henderson","2022-04-29","https://i.scdn.co/image/ab67616d0000b273ef126ba9057607d88e103904","1","1","155253","https://p.scdn.co/mp3-preview/d156060faa3d61d5fa3ea817f7ebc4008a954549?cid=9950ac751e34487dbbe027c4fd7f8e99","false","78","GBAHS2200261","spotify:user:p8u4bg39u8ew4b58wtkpj73f8","2022-07-27T10:42:57Z","","0.621","0.785","6","-4.499","1","0.11","0.0165","0.00000592","0.0512","0.779","123.96","4","","Atlantic Records UK","C under exclusive licence to Warner music UK Limited, © 2022 Nathan Dawe, P under exclusive licence to Warner music UK Limited, ℗ 2022 Nathan Dawe"
"spotify:track:2KukL7UlQ8TdvpaA7bY3ZJ","BREAK MY SOUL","spotify:artist:6vWDO969PvNqNYHIOW5v0m","Beyoncé","spotify:album:5JgCaA43ECaGeqbPEo6WUP","BREAK MY SOUL","spotify:artist:6vWDO969PvNqNYHIOW5v0m","Beyoncé","2022-06-21","https://i.scdn.co/image/ab67616d0000b273ef5c4d1b49aa500905423be3","1","1","278281","https://p.scdn.co/mp3-preview/37fd7166b305199b1216762e7c1abc18ac8cab0f?cid=9950ac751e34487dbbe027c4fd7f8e99","false","65","USSM12206234","spotify:user:p8u4bg39u8ew4b58wtkpj73f8","2022-08-19T08:27:21Z","","0.687","0.887","1","-5.04","0","0.0826","0.0575","0.00000221","0.27","0.853","114.941","4","","Parkwood Entertainment/Columbia","P (P) 2022 Parkwood Entertainment LLC, under exclusive license to Columbia Records, a Division of Sony Music Entertainment"
"spotify:track:40SBS57su9xLiE1WqkXOVr","Afraid To Feel","spotify:artist:0HxX6imltnNXJyQhu4nsiO","LF SYSTEM","spotify:album:528LrHfHcB7PMAvyp8Obhp","Afraid To Feel","spotify:artist:0HxX6imltnNXJyQhu4nsiO","LF SYSTEM","2022-05-02","https://i.scdn.co/image/ab67616d0000b273ced808ef1567eaf901041438","1","1","177524","https://p.scdn.co/mp3-preview/ef097e0e455e0958ae85f58582eff55537d2a507?cid=9950ac751e34487dbbe027c4fd7f8e99","false","83","GBAHT2200492","spotify:user:p8u4bg39u8ew4b58wtkpj73f8","2022-08-19T08:27:57Z","","0.578","0.912","1","-3.929","1","0.114","0.0166","0.00362","0.273","0.68","127.87","4","","Warner Records","C © 2022 Warner Music UK Limited, P ℗ 2022 Warner Music UK Limited"
"spotify:track:6clzeGvi1CFioMOolbAOlX","Stay With Me (with Justin Timberlake, Halsey & Pharrell)","spotify:artist:7CajNmpbOovFoOoasH2HaY, spotify:artist:31TPClRtHm23RisEBtV3X7, spotify:artist:26VFTg2z8YR0cCuwLzESi2, spotify:artist:2RdwBSPQiwcmiDo9kixcl8","Calvin Harris, Justin Timberlake, Halsey, Pharrell Williams","spotify:album:49DV9eFp2xTdtO7veew5xS","Funk Wav Bounces Vol. 2","spotify:artist:7CajNmpbOovFoOoasH2HaY","Calvin Harris","2022-08-05","https://i.scdn.co/image/ab67616d0000b273c5844aae8ac82f2a4fa6415e","1","8","229282","https://p.scdn.co/mp3-preview/3c81ec3a27ad06b514bde46c5a9da8610e83a663?cid=9950ac751e34487dbbe027c4fd7f8e99","false","55","GBARL2201570","spotify:user:p8u4bg39u8ew4b58wtkpj73f8","2022-08-19T08:29:24Z","edm","0.81","0.733","9","-6.338","1","0.0444","0.276","0.00000673","0.288","0.9","125.975","4","","Columbia","P (P) 2022 Sony Music Entertainment UK Limited"
"spotify:track:3ck2KxuP99yTwWzdf8piiC","Cold Heart - Claptone Remix","spotify:artist:3PhoLpVuITZKcymswpck5b, spotify:artist:6M2wZ9GZgrQXHCFfjv46we, spotify:artist:4mncDFjVLUa3s025Tct3Ry","Elton John, Dua Lipa, Claptone","spotify:album:5JBgwRYimrx2TNirTcbzzh","Cold Heart (Claptone Remix)","spotify:artist:3PhoLpVuITZKcymswpck5b, spotify:artist:6M2wZ9GZgrQXHCFfjv46we, spotify:artist:4mncDFjVLUa3s025Tct3Ry","Elton John, Dua Lipa, Claptone","2021-10-08","https://i.scdn.co/image/ab67616d0000b2738b5c6d6bb24f7e5bb43b8b44","1","1","183807","https://p.scdn.co/mp3-preview/dd038f1149ec9265c8d85391b4ba8b0ca7372be5?cid=9950ac751e34487dbbe027c4fd7f8e99","false","60","GBUM72105701","spotify:user:p8u4bg39u8ew4b58wtkpj73f8","2022-08-19T08:31:31Z","pop","0.799","0.892","10","-4.999","0","0.0358","0.0189","0.00131","0.0591","0.934","125.023","4","","EMI","C © 2021 Mercury Records Limited, P ℗ 2021 Mercury Records Limited"
"spotify:track:2Ze7IymEfWUEWMMJrP3KTz","Hollaback Girl","spotify:artist:1udruffum7CorOphFUMB9A","Kato","spotify:album:0m8NfZ8SSQfQ7VDs3wuAJJ","Hollaback Girl","spotify:artist:1udruffum7CorOphFUMB9A","Kato","2022-06-17","https://i.scdn.co/image/ab67616d0000b27342e0743e771cd74b2be17b7d","1","1","151475","https://p.scdn.co/mp3-preview/208096ad4ee5078bc691b37dad84613e21eeaecb?cid=9950ac751e34487dbbe027c4fd7f8e99","false","32","DK4YA2284301","spotify:user:p8u4bg39u8ew4b58wtkpj73f8","2022-08-19T08:32:19Z","","0.856","0.881","11","-5.632","1","0.0618","0.00964","0.00231","0.0657","0.768","122.013","4","","One Seven","P (P) 2022 One Seven Music"
"spotify:track:7ef4DlsgrMEH11cDZd32M6","One Kiss (with Dua Lipa)","spotify:artist:7CajNmpbOovFoOoasH2HaY, spotify:artist:6M2wZ9GZgrQXHCFfjv46we","Calvin Harris, Dua Lipa","spotify:album:7GEzhoTiqcPYkOprWQu581","One Kiss (with Dua Lipa)","spotify:artist:7CajNmpbOovFoOoasH2HaY, spotify:artist:6M2wZ9GZgrQXHCFfjv46we","Calvin Harris, Dua Lipa","2018-04-06","https://i.scdn.co/image/ab67616d0000b273d09f96d82310d4d77c14c108","1","1","214846","https://p.scdn.co/mp3-preview/0c09da1fe6f1da091c05057835e6be2312e2dc18?cid=9950ac751e34487dbbe027c4fd7f8e99","false","84","GBARL1800368","spotify:user:p8u4bg39u8ew4b58wtkpj73f8","2022-08-19T08:32:44Z","edm,pop","0.791","0.862","9","-3.24","0","0.11","0.037","0.0000219","0.0814","0.592","123.994","4","","Sony Music UK","P (P) 2018 Sony Music Entertainment UK Limited"
"spotify:track:1ZRblW8yUDxpcF4gvk5BSC","No Diggity","spotify:artist:7sAqpkrQBaOkddsv1Tz1XK","Mosimann","spotify:album:09bni63KJi8vqaqXwfwde3","No Diggity","spotify:artist:7sAqpkrQBaOkddsv1Tz1XK","Mosimann","2022-05-06","https://i.scdn.co/image/ab67616d0000b2737b4292419b2d662b6738640d","1","1","154080","https://p.scdn.co/mp3-preview/76a4ac788a9f4fee365d082f64fda81328d879b6?cid=9950ac751e34487dbbe027c4fd7f8e99","false","24","DK4YA2279901","spotify:user:p8u4bg39u8ew4b58wtkpj73f8","2022-08-19T08:34:14Z","","0.884","0.822","4","-5.921","1","0.0973","0.0158","0.485","0.0969","0.587","125","4","","One Seven","P (P) 2022 One Seven Music"
"spotify:track:1a4CELt8vGuKBFZ8hVDMJU","Low (feat. Victor Perry)","spotify:artist:6Nva7JhU0nL9SZ8ZvJni6O, spotify:artist:29yyPuky7khfsycbqK19uE","Tom Enzy, Victor Perry","spotify:album:1qX7yoAzv5u9qDvisVxB4z","Low (feat. Victor Perry)","spotify:artist:6Nva7JhU0nL9SZ8ZvJni6O, spotify:artist:29yyPuky7khfsycbqK19uE","Tom Enzy, Victor Perry","2022-03-25","https://i.scdn.co/image/ab67616d0000b273efb4825f1c406e9a4a4f301e","1","1","145952","https://p.scdn.co/mp3-preview/b8455a0dc440365e9e315c9558788ab2b7b7991c?cid=9950ac751e34487dbbe027c4fd7f8e99","false","26","DK4YA2277401","spotify:user:p8u4bg39u8ew4b58wtkpj73f8","2022-08-19T08:34:44Z","latin house,slap house,afro house,tribal house","0.789","0.896","11","-6.965","1","0.0383","0.00903","0.468","0.0851","0.682","125.958","4","","One Seven","P (P) 2022 One Seven Music"
"spotify:track:2Z71PZlOeF9YVze4hy1A1a","Savage Remix (feat. Beyoncé)","spotify:artist:181bsRPaVXVlUKXrxwZfHK, spotify:artist:6vWDO969PvNqNYHIOW5v0m","Megan Thee Stallion, Beyoncé","spotify:album:0KjckH1EE6HRRurMIXSc0r","Good News","spotify:artist:181bsRPaVXVlUKXrxwZfHK","Megan Thee Stallion","2020-11-20","https://i.scdn.co/image/ab67616d0000b273da256972582b455d46985ba9","1","15","242000","https://p.scdn.co/mp3-preview/e941756c07f2f61f39dac19f4b2587d0eb4e9d2f?cid=9950ac751e34487dbbe027c4fd7f8e99","true","61","QMCE32000145","spotify:user:p8u4bg39u8ew4b58wtkpj73f8","2022-10-10T10:45:24Z","","0.753","0.745","10","-4.776","0","0.334","0.0159","0","0.127","0.635","169.02","4","","300 Entertainment","C © 2020 1501 Certified Ent. LLC / 300 Entertainment, P ℗ 2020 1501 Certified Ent. LLC / 300 Entertainment"
"spotify:track:5hgnY0mVcVetszbb85qeDg","Partition","spotify:artist:6vWDO969PvNqNYHIOW5v0m","Beyoncé","spotify:album:2UJwKSBUz6rtW4QLK74kQu","BEYONCÉ [Platinum Edition]","spotify:artist:6vWDO969PvNqNYHIOW5v0m","Beyoncé","2014-11-24","https://i.scdn.co/image/ab67616d0000b2730d1d6e9325275f104f8e33f3","1","6","319466","https://p.scdn.co/mp3-preview/c0ad9df628580f6f426a2a81b45227c1dbe800bb?cid=9950ac751e34487dbbe027c4fd7f8e99","true","74","USSM11307803","spotify:user:p8u4bg39u8ew4b58wtkpj73f8","2022-10-10T10:45:51Z","","0.418","0.441","11","-11.522","0","0.283","0.029","0.0707","0.306","0.172","175.928","4","","Parkwood Entertainment/Columbia","P (P) 2013 Columbia Records, a Division of Sony Music Entertainment/(P) 2014 Columbia Records, a Division of Sony Music Entertainment"
"spotify:track:6IlL9Xlnm0Oq6wXSe6TH9v","Used To This","spotify:artist:6m8itYST9ADjBIYevXSb1r, spotify:artist:5QrV5Vr4KdsyKtifvD6X1U","Wilkinson, Issey Cross","spotify:album:48vV65b1zjT4lCeO5MplHm","Used to This","spotify:artist:6m8itYST9ADjBIYevXSb1r, spotify:artist:5QrV5Vr4KdsyKtifvD6X1U","Wilkinson, Issey Cross","2021-11-19","https://i.scdn.co/image/ab67616d0000b273e982c00fda97daf2cc907b06","1","1","226206","https://p.scdn.co/mp3-preview/b5ac8efa0a79a13617a585098fb2eb764f7f9f88?cid=9950ac751e34487dbbe027c4fd7f8e99","false","6","GB5KW2104422","spotify:user:p8u4bg39u8ew4b58wtkpj73f8","2022-10-10T10:58:17Z","drum and bass,liquid funk,drum and bass,liquid funk","0.686","0.756","5","-3.888","0","0.0374","0.0314","0.0234","0.154","0.345","87.004","4","","Sleepless Music Limited","C © 2021 Sleepless Music under exclusive license to BMG Rights Management (UK) Limited, P ℗ 2021 Sleepless Music Ltd under exclusive licence to BMG Rights Management (UK) Limited"
"spotify:track:6xg4Auc6lQ75fTuzckPdMF","Drivers License","spotify:artist:4BThBqcTzRGFRvbddMykk7, spotify:artist:6OXzciYkZCsfLnechSnFR2","Karma Child, WISEKIDS","spotify:album:2WfIGUEQocvpK9iOqwzPN6","Drivers License","spotify:artist:4BThBqcTzRGFRvbddMykk7, spotify:artist:6OXzciYkZCsfLnechSnFR2","Karma Child, WISEKIDS","2021-03-05","https://i.scdn.co/image/ab67616d0000b27334ff32b807c47682a6030573","1","1","264957","https://p.scdn.co/mp3-preview/cd4f2203cc45cad31cf83fef358dfda68981b8e5?cid=9950ac751e34487dbbe027c4fd7f8e99","true","36","DK4YA2130301","spotify:user:p8u4bg39u8ew4b58wtkpj73f8","2022-10-10T10:58:36Z","","0.644","0.565","4","-8.156","0","0.0606","0.343","0.0000112","0.115","0.355","128.052","4","","One Seven","P (P) 2021 One Seven Music"
"spotify:track:7oahNRcO0CxOOQWlqpuH40","Mind Blown","spotify:artist:6i1GVNJCyyssRwXmnaeEFH","Syn Cole","spotify:album:2NlXRqatqpKRFd7vhLjfZj","Mind Blown","spotify:artist:6i1GVNJCyyssRwXmnaeEFH","Syn Cole","2019-11-22","https://i.scdn.co/image/ab67616d0000b2738d7d05897d9abdefd8a99a45","1","1","161593","https://p.scdn.co/mp3-preview/1eea609f5fee6ddabca531a05f7adf3b489b50e0?cid=9950ac751e34487dbbe027c4fd7f8e99","true","49","GBUM71906057","spotify:user:p8u4bg39u8ew4b58wtkpj73f8","2022-10-10T10:59:59Z","tropical house,edm","0.837","0.868","1","-4.045","0","0.0458","0.174","0.159","0.0512","0.962","122.002","4","","Positiva","C © 2019 Syn Cole, under exclusive license to Universal Music Operations Limited, P ℗ 2019 Syn Cole, under exclusive license to Universal Music Operations Limited"
"spotify:track:5L3o8IfmlLhxGcSnXQIHcz","Hometown Glory - High Contrast Remix","spotify:artist:4dpARuHxo51G3z768sgnrY, spotify:artist:0bxHci3JIhhKA53n8rH3tT","Adele, High Contrast","spotify:album:1BooHlsI6JWUssl89UaqfF","Hometown Glory","spotify:artist:4dpARuHxo51G3z768sgnrY","Adele","2008-07-20","https://i.scdn.co/image/ab67616d0000b27300b240bc565c305280d05d0d","1","2","396920","https://p.scdn.co/mp3-preview/ffa0820df4538280def20c33616426ed9ccfeef3?cid=9950ac751e34487dbbe027c4fd7f8e99","false","58","GBBKS0800367","spotify:user:p8u4bg39u8ew4b58wtkpj73f8","2022-10-10T11:00:59Z","lugn pop,drum and bass,liquid funk,Jungle","0.529","0.861","10","-6.306","0","0.0436","0.000621","0.175","0.109","0.116","173.021","4","","XL Recordings","C 2008 XL Recordings Ltd, P 2008 XL Recordings Ltd"
"spotify:track:51ODNNDZm21HU7wI7cccRr","Latch","spotify:artist:6nS5roXSAGhTGr34W6n7Et, spotify:artist:2wY79sveU1sp5g7SokKOiI","Disclosure, Sam Smith","spotify:album:7bdjtx1RTkWoSoOaIl7a8E","Settle (Special Edition)","spotify:artist:6nS5roXSAGhTGr34W6n7Et","Disclosure","2013-06-03","https://i.scdn.co/image/ab67616d0000b273786201dca187d2b0c956c24b","1","3","255631","https://p.scdn.co/mp3-preview/733fff5cce9ecc2127aa9a4e6413c62aecc93b98?cid=9950ac751e34487dbbe027c4fd7f8e99","false","85","GBUM71302810","spotify:user:p8u4bg39u8ew4b58wtkpj73f8","2023-07-26T10:07:02Z","house,lugn pop","0.503","0.726","1","-5.456","1","0.167","0.0159","0.0000798","0.0895","0.529","121.981","4","","Universal-Island Records Ltd.","C © 2014 Universal Island Records, a division of Universal Music Operations Limited, P ℗ 2014 Universal Island Records, a division of Universal Music Operations Limited"
"spotify:track:0YORgvqP1MotwCnDZzOwII","I Wish (feat. Mabel)","spotify:artist:6DgP9otnZw5z6daOntINxp, spotify:artist:1MIVXf74SZHmTIp4V4paH4","Joel Corry, Mabel","spotify:album:1gklzdwNQPtt0Z7SwgR1vH","I Wish (feat. Mabel)","spotify:artist:6DgP9otnZw5z6daOntINxp, spotify:artist:1MIVXf74SZHmTIp4V4paH4","Joel Corry, Mabel","2021-10-29","https://i.scdn.co/image/ab67616d0000b273d6a1f7ed77e732ca51f52464","1","1","181728","https://p.scdn.co/mp3-preview/c21572a2ddec89ff6653260c4f2ee7b8cbd4ee77?cid=9950ac751e34487dbbe027c4fd7f8e99","false","59","GBAHS2101215","spotify:user:p8u4bg39u8ew4b58wtkpj73f8","2023-07-26T10:17:09Z","danspop","0.686","0.856","9","-2.717","0","0.0426","0.0896","0","0.0648","0.733","123.997","4","","Atlantic Records UK","C Under exclusive licence to Warner Music UK Limited. An Asylum Records release, © 2021 Joel Corry Limited, P Under exclusive licence to Warner Music UK Limited. An Asylum Records release, ℗ 2021 Joel Corry Limited"
"spotify:track:2xsFQqgLKbYZNUVsbxtwpo","Fly Away (Jonas Blue Remix)","spotify:artist:2NjfBq1NflQcKSeiDooVjY","Tones And I","spotify:album:3jQOaHRiMgqxMN2qo1SZTJ","Fly Away (Jonas Blue Remix)","spotify:artist:2NjfBq1NflQcKSeiDooVjY, spotify:artist:1HBjj22wzbscIZ9sEb5dyf","Tones And I, Jonas Blue","2021-01-29","https://i.scdn.co/image/ab67616d0000b273d453880e298ef4ca180ca147","1","1","192195","https://p.scdn.co/mp3-preview/794bceb0c7eb0e4a035667cca2496e882c318488?cid=9950ac751e34487dbbe027c4fd7f8e99","false","55","USAT22007526","spotify:user:p8u4bg39u8ew4b58wtkpj73f8","2023-07-26T10:17:20Z","","0.735","0.739","1","-6.042","0","0.044","0.135","0.000044","0.349","0.6","122.959","4","","Elektra (NEK)","C Under exclusive license to Elektra Records LLC for the World excluding Australia and New Zealand., © 2021 Bad Batch Records., P Under exclusive license to Elektra Records LLC for the World excluding Australia and New Zealand., ℗ 2021 Bad Batch Records."
"spotify:track:37tIjf3LEdIfYRu9nl69bV","Sweet Melody - PS1 Remix","spotify:artist:3e7awlrlDSwF3iM0WBjGMp, spotify:artist:7bZGP9ijvv55LOENT634Mj","Little Mix, PS1","spotify:album:0KDISpxSUWynoaqwEaEeX8","Confetti (Expanded Edition)","spotify:artist:3e7awlrlDSwF3iM0WBjGMp","Little Mix","2020-12-11","https://i.scdn.co/image/ab67616d0000b273d850e332ea51ddcec25b9c28","1","24","210613","https://p.scdn.co/mp3-preview/26214f05fb2558a4ca4f20fec7502069f4a54804?cid=9950ac751e34487dbbe027c4fd7f8e99","false","35","GBARL2001348","spotify:user:p8u4bg39u8ew4b58wtkpj73f8","2023-07-26T10:17:25Z","","0.637","0.856","10","-6.392","0","0.039","0.033","0","0.318","0.474","121.972","4","","RCA Records Label","P (P) 2020 Under Exclusive Licence to RCA, a division of Sony Music Entertainment UK Limited"
"spotify:track:5qiQbOa6AFEO3P111y9Jry","Mad Love - Blinkie Remix","spotify:artist:1MIVXf74SZHmTIp4V4paH4, spotify:artist:0nJcDqY6ox4kHB92AuRA8j","Mabel, Blinkie","spotify:album:0o9d312clt8gVtz1uZZkBW","Mad Love (Remixes)","spotify:artist:1MIVXf74SZHmTIp4V4paH4","Mabel","2019-07-05","https://i.scdn.co/image/ab67616d0000b2735b61d12f965c40e6b051b90a","1","1","200893","https://p.scdn.co/mp3-preview/a5c7b34293b7b0329bf71a4bbe7596096658c8f4?cid=9950ac751e34487dbbe027c4fd7f8e99","false","56","GBUM71903154","spotify:user:p8u4bg39u8ew4b58wtkpj73f8","2023-07-26T10:17:44Z","","0.706","0.931","0","-3.053","0","0.0456","0.354","0.00000372","0.146","0.465","123.012","4","","Polydor Records","C © 2019 Mabel McVey, under exclusive licence to Universal Music Operations Limited, P ℗ 2019 Mabel McVey, under exclusive licence to Universal Music Operations Limited"
"spotify:track:4HpgUlwIh3JbSW4r8C2SmP","Smile - Joel Corry Remix","spotify:artist:6jJ0s89eD6GaHleKKya26X, spotify:artist:6DgP9otnZw5z6daOntINxp","Katy Perry, Joel Corry","spotify:album:7c47yayjXtwCHIz9fKdUkn","Smile (Joel Corry Remix)","spotify:artist:6jJ0s89eD6GaHleKKya26X","Katy Perry","2020-09-02","https://i.scdn.co/image/ab67616d0000b2730eeff2bc0a9b11610b7dcd66","1","1","181604","https://p.scdn.co/mp3-preview/6788f4dc52fdae7b656310700e549cb1e2ca99c4?cid=9950ac751e34487dbbe027c4fd7f8e99","false","41","USUM72016221","spotify:user:p8u4bg39u8ew4b58wtkpj73f8","2023-07-26T10:18:03Z","pop,danspop","0.694","0.964","5","-2.66","1","0.0374","0.00184","0.0707","0.0891","0.837","121.996","4","","Capitol Records","C © 2020 Capitol Records, LLC, P ℗ 2020 Capitol Records, LLC"
"spotify:track:2dWNKXTs5z7Iu1g0kYh4Xe","My Heart Goes (La Di Da) (feat. Topic)","spotify:artist:4EPJlUEBy49EX1wuFOvtjK, spotify:artist:0u6GtibW46tFX7koQ6uNJZ","Becky Hill, Topic","spotify:album:2LWAzUYdZSUq0fW8ddbL1Q","Only Honest On The Weekend","spotify:artist:4EPJlUEBy49EX1wuFOvtjK","Becky Hill","2021-08-27","https://i.scdn.co/image/ab67616d0000b273afeb6f4556e7125e4272780f","1","7","148960","https://p.scdn.co/mp3-preview/fff50516244b9f41070d7998c1b15e943ca79415?cid=9950ac751e34487dbbe027c4fd7f8e99","false","67","GBUM72102422","spotify:user:p8u4bg39u8ew4b58wtkpj73f8","2023-07-26T10:18:25Z","","0.695","0.781","7","-5.578","0","0.0452","0.0185","0.0000312","0.295","0.456","124.04","4","","Polydor Records","C © 2021 Universal Music Operations Limited, P ℗ 2021 Universal Music Operations Limited"
"spotify:track:3sa06xVNmLLYIxdNNmVQN8","Where Did You Go? (feat. MNEK)","spotify:artist:4Q6nIcaBED8qUel8bBx6Cr, spotify:artist:7uMh23xWiuR7zsNkuNcm2G","Jax Jones, MNEK","spotify:album:5vSLX6JljaSXuRY2Wqi6xL","Where Did You Go (feat. MNEK)","spotify:artist:4Q6nIcaBED8qUel8bBx6Cr, spotify:artist:7uMh23xWiuR7zsNkuNcm2G","Jax Jones, MNEK","2022-02-04","https://i.scdn.co/image/ab67616d0000b273490a887b85a95378ea66b41d","1","1","177689","https://p.scdn.co/mp3-preview/d6279b9fd3a2b423f29ff9a4778011e169d30678?cid=9950ac751e34487dbbe027c4fd7f8e99","false","76","GBUM72108841","spotify:user:p8u4bg39u8ew4b58wtkpj73f8","2023-07-26T10:18:34Z","","0.763","0.782","7","-4.541","0","0.0346","0.182","0.00000708","0.293","0.502","127.034","4","","Polydor Records","C © 2022 Universal Music Operations Limited, P ℗ 2022 Universal Music Operations Limited"
"spotify:track:0SyxZC4wlqAwf20cHE6Xon","Bulletproof","spotify:artist:3K2zB87GZv1krx031en5VA, spotify:artist:6HQ6vf4AloXyVNdyJhrX1J","La Roux, GAMPER & DADONI","spotify:album:5TSSlGJmfkBNC4M3uoMswL","Bulletproof","spotify:artist:3K2zB87GZv1krx031en5VA, spotify:artist:6HQ6vf4AloXyVNdyJhrX1J","La Roux, GAMPER & DADONI","2021-05-21","https://i.scdn.co/image/ab67616d0000b273b3bf3ba5d8ef6fb0bb564e4e","1","1","162213","https://p.scdn.co/mp3-preview/1842c05cf1ff91f264b06f7ef3f24ac9f9d0235d?cid=9950ac751e34487dbbe027c4fd7f8e99","false","75","GBUM72102497","spotify:user:p8u4bg39u8ew4b58wtkpj73f8","2023-07-26T10:20:11Z","tropical house","0.752","0.771","6","-5.95","1","0.0311","0.00341","0.0000173","0.0905","0.527","126.02","4","","Polydor Records","C © 2021 Universal Music Operations Limited, P ℗ 2021 Universal Music Operations Limited"
"spotify:track:5Q9DzNnrUCkJV1t1wWjYIX","Bad Habits - Joel Corry Remix","spotify:artist:6eUKZXaKkcviH0Ku9w2n3V, spotify:artist:6DgP9otnZw5z6daOntINxp","Ed Sheeran, Joel Corry","spotify:album:6Oj80oIJGFbFwionyBamow","Bad Habits (Joel Corry Remix)","spotify:artist:6eUKZXaKkcviH0Ku9w2n3V, spotify:artist:6DgP9otnZw5z6daOntINxp","Ed Sheeran, Joel Corry","2021-08-06","https://i.scdn.co/image/ab67616d0000b2735729709721ac163ad2b8dfac","1","1","189577","https://p.scdn.co/mp3-preview/13f5e2a289d6fc6d2ee95cdba0f867e5ca2bcaed?cid=9950ac751e34487dbbe027c4fd7f8e99","false","55","GBAHS2100607","spotify:user:p8u4bg39u8ew4b58wtkpj73f8","2023-07-26T10:20:19Z","lugn pop,danspop","0.768","0.935","11","-4.902","0","0.0598","0.0488","0.00117","0.339","0.8","125.971","4","","Atlantic Records/Asylum","C An Asylum Records UK release, a division of Atlantic Records UK, © 2021 Warner Music UK Limited, P An Asylum Records UK release, a division of Atlantic Records UK, ℗ 2021 Warner Music UK Limited"
"spotify:track:23a7lo0QJILBV8FWA9hM6R","Bad Vibe - James Hype Remix","spotify:artist:6Ur6METz02CC9zcJWDFicC, spotify:artist:6TlhWcs3imNDmxFviZjpDX, spotify:artist:4TAoP0f9OuWZUesao43xUW, spotify:artist:43BxCL6t4c73BQnIJtry5v","M.O, Lotto Boyzz, Mr Eazi, James Hype","spotify:album:6UVhhI30dTuNsmdX5R8HVi","Bad Vibe (James Hype Remix)","spotify:artist:6Ur6METz02CC9zcJWDFicC, spotify:artist:6TlhWcs3imNDmxFviZjpDX, spotify:artist:4TAoP0f9OuWZUesao43xUW","M.O, Lotto Boyzz, Mr Eazi","2018-03-16","https://i.scdn.co/image/ab67616d0000b2734d238bfb679e54b9f43db6a1","1","1","213906","https://p.scdn.co/mp3-preview/80a3f88e3949dc268d84fe1e3f347c00f08f44bb?cid=9950ac751e34487dbbe027c4fd7f8e99","false","37","GBUM71801155","spotify:user:p8u4bg39u8ew4b58wtkpj73f8","2023-07-26T10:20:42Z","afroswing,afroswing,grime,brittisk grime,brittisk r&b,afrobeats,afrobeat,afropop,azonto,afroswing,hiplife,dancehall,house,tech house","0.846","0.877","10","-3.853","1","0.0775","0.131","0.000147","0.0621","0.745","124.034","4","","Polydor Records","C © 2018 Operator Records Ltd., under exclusive licence to Polydor Records (a division of Universal Music Operations Limited), P ℗ 2018 Operator Records Ltd., under exclusive licence to Polydor Records (a division of Universal Music Operations Limited)"
"spotify:track:69P8aWFbgM3eD7UFSLPWsq","abc (The Wild Remix)","spotify:artist:74lRkEloOvori8dZJjNEjd, spotify:artist:2VSHKHBTiXWplO8lxcnUC9","The Wild, GAYLE","spotify:album:0Zq00ywbUyDLVD8jN7XsOC","abc (The Wild Remix)","spotify:artist:74lRkEloOvori8dZJjNEjd","The Wild","2021-12-31","https://i.scdn.co/image/ab67616d0000b273809708d88b8715eec9eb87e8","1","1","182903","https://p.scdn.co/mp3-preview/bdc322d0acb1d577f8f660557489ac2c8ae96099?cid=9950ac751e34487dbbe027c4fd7f8e99","false","55","USAT22108513","spotify:user:p8u4bg39u8ew4b58wtkpj73f8","2023-07-26T10:23:10Z","","0.693","0.874","1","-3.923","0","0.0693","0.034","0.00000833","0.289","0.647","123.979","5","","Atlantic/Arthouse Records","C © 2021 Atlantic Recording Corporation, P ℗ 2021 Atlantic Recording Corporation"
"spotify:track:182Av0m3TEXH9KcEy8G1Yt","African Lady (Antenna)","spotify:artist:2tFi8VSdCE13OM3yfr8qnp, spotify:artist:374sWpAJsbZckf98df2jJJ","RUDY, Fuse ODG","spotify:album:2ikxyffOctYIQHMCBpteFS","African Lady (Antenna)","spotify:artist:2tFi8VSdCE13OM3yfr8qnp, spotify:artist:374sWpAJsbZckf98df2jJJ","RUDY, Fuse ODG","2021-11-22","https://i.scdn.co/image/ab67616d0000b273a51887fe4c184fab99d4a335","1","1","116053","https://p.scdn.co/mp3-preview/007562f27b61896b0b2fb39b1ec0985f7ec5ece9?cid=9950ac751e34487dbbe027c4fd7f8e99","false","37","GBSXS2100148","spotify:user:p8u4bg39u8ew4b58wtkpj73f8","2023-07-26T10:25:18Z","azonto,afrobeats,hiplife","0.727","0.93","6","-4.479","1","0.0545","0.0575","0","0.0763","0.819","127.942","4","","3Beat","C © 2021 3Beat Productions Limited, P ℗ 2021 3Beat Productions Limited"
"spotify:track:6Awg3vdlBZnLnVWBcyG0vW","Runaway (U & I)","spotify:artist:4sTQVOfp9vEMCemLw50sbu","Galantis","spotify:album:5iLpRq7zbCArBm2Gi0pRIw","Pharmacy","spotify:artist:4sTQVOfp9vEMCemLw50sbu","Galantis","2015-06-05","https://i.scdn.co/image/ab67616d0000b2735e21d0c9ca9fcc32f80f213a","1","4","227073","https://p.scdn.co/mp3-preview/07fb66554af09f90798cadd77255c35df6dda8f4?cid=9950ac751e34487dbbe027c4fd7f8e99","false","64","USAT21404265","spotify:user:p8u4bg39u8ew4b58wtkpj73f8","2023-07-26T10:47:36Z","","0.506","0.805","1","-4.119","1","0.0469","0.00711","0.00193","0.0856","0.383","126.008","4","","Big Beat Records/Atlantic","C © 2015 Atlantic Recording Corporation for the United States and WEA International for the world outside of the United States. A Warner Music Group Company, P ℗ 2015 Atlantic Recording Corporation for the United States and WEA International for the world outside of the United States. A Warner Music Group Company"
"spotify:track:5tf1VVWniHgryyumXyJM7w","Sugar (feat. Francesco Yates)","spotify:artist:3t5xRXzsuZmMDkQzgOX35S, spotify:artist:5X1JzPIIonP3u9lA580pPT","Robin Schulz, Francesco Yates","spotify:album:5XyJzEROSmup2TcWmVjTIt","Sugar","spotify:artist:3t5xRXzsuZmMDkQzgOX35S","Robin Schulz","2015-09-25","https://i.scdn.co/image/ab67616d0000b2733c9047f9aa5d0d1e03827039","1","2","219043","https://p.scdn.co/mp3-preview/702017a73955b159f7da9108fff25bcac045b8d6?cid=9950ac751e34487dbbe027c4fd7f8e99","false","85","DEA621501057","spotify:user:p8u4bg39u8ew4b58wtkpj73f8","2023-07-26T10:52:07Z","tropical house","0.636","0.815","5","-5.098","0","0.0581","0.0185","0","0.163","0.636","123.063","4","","Tonspiel","C © 2015 TONSPIEL under exclusive license to Warner Music Group Germany Holding GmbH / A Warner Music Group Company, P ℗ 2015 TONSPIEL under exclusive license to Warner Music Group Germany Holding GmbH / A Warner Music Group Company"
"spotify:track:6QgjcU0zLnzq5OrUoSZ3OK","Feel It Still","spotify:artist:4kI8Ie27vjvonwaB2ePh8T","Portugal. The Man","spotify:album:4VzzEviJGYUtAeSsJlI9QB","Woodstock","spotify:artist:4kI8Ie27vjvonwaB2ePh8T","Portugal. The Man","2017-06-16","https://i.scdn.co/image/ab67616d0000b273af52c228c9619ff6298b08cd","1","4","163253","https://p.scdn.co/mp3-preview/47e41f47a7627e34bf34d039b32b9774b9b88768?cid=9950ac751e34487dbbe027c4fd7f8e99","false","86","USAT21700437","spotify:user:p8u4bg39u8ew4b58wtkpj73f8","2023-07-26T10:52:50Z","","0.801","0.795","1","-5.115","0","0.0504","0.0417","0.000113","0.0717","0.754","79.028","4","","Atlantic Records","C © 2017 Atlantic Recording Corporation for the United States and WEA International Inc. for the world outside of the United States. A Warner Music Group Company, P ℗ 2017 Atlantic Recording Corporation for the United States and WEA International Inc. for the world outside of the United States. A Warner Music Group Company"
"spotify:track:5UqCQaDshqbIk3pkhy4Pjg","Levels - Radio Edit","spotify:artist:1vCWHaC5f2uS3yhpwWbIA6","Avicii","spotify:album:1OEGfToF7QbjUgyxMAnGXg","Levels","spotify:artist:1vCWHaC5f2uS3yhpwWbIA6","Avicii","2011-10-28","https://i.scdn.co/image/ab67616d0000b273ffb343926530168be4724dd4","1","1","199906","https://p.scdn.co/mp3-preview/6f972a909a0afdc26ae7a6c456e6722a5536e66d?cid=9950ac751e34487dbbe027c4fd7f8e99","false","80","SEUM71100962","spotify:user:p8u4bg39u8ew4b58wtkpj73f8","2023-07-26T10:53:55Z","edm","0.584","0.889","1","-5.941","0","0.0343","0.0462","0.828","0.309","0.464","126.04","4","","Universal Music AB","C © 2011 Avicii Music AB, Under exclusive license to Universal Music AB, P ℗ 2011 Avicii Music AB, Under exclusive license to Universal Music AB"
"spotify:track:4QcDkuGQx9824a6X9BZF4e","Places","spotify:artist:1bj5GrcLom5gZFF5t949Xl, spotify:artist:7hssUdpvtY5oiARaUDgFZ3","Martin Solveig, Ina Wroldsen","spotify:album:7jTFTS9Tt190soRQDUuLRD","Places","spotify:artist:1bj5GrcLom5gZFF5t949Xl","Martin Solveig","2016-11-25","https://i.scdn.co/image/ab67616d0000b273ce276a636a73bd477dc7c4d7","1","1","202745","https://p.scdn.co/mp3-preview/fe0e6daec73b835082fd5abe2125cfebfa045134?cid=9950ac751e34487dbbe027c4fd7f8e99","false","66","UK98Q1600200","spotify:user:p8u4bg39u8ew4b58wtkpj73f8","2023-07-26T11:07:49Z","fransk house,norsk pop","0.728","0.854","0","-3.86","0","0.0457","0.248","0.00188","0.149","0.62","121.995","4","","EMI","C © 2016 KOPG Ltd, under exclusive licence to Virgin EMI Records, a division of Universal Music Operations Ltd, P ℗ 2016 KOPG Ltd, under exclusive licence to Virgin EMI Records, a division of Universal Music Operations Ltd"
"spotify:track:6yf3MxEOScNBTYCHOAIiNQ","Instruction (feat. Demi Lovato & Stefflon Don)","spotify:artist:4Q6nIcaBED8qUel8bBx6Cr, spotify:artist:6S2OmqARrzebs0tKUEyXyp, spotify:artist:2ExGrw6XpbtUAJHTLtUXUD","Jax Jones, Demi Lovato, Stefflon Don","spotify:album:4qstESQUoK2J7APuxGx0WN","Instruction (feat. Demi Lovato & Stefflon Don)","spotify:artist:4Q6nIcaBED8qUel8bBx6Cr, spotify:artist:6S2OmqARrzebs0tKUEyXyp, spotify:artist:2ExGrw6XpbtUAJHTLtUXUD","Jax Jones, Demi Lovato, Stefflon Don","2017-06-16","https://i.scdn.co/image/ab67616d0000b273237cc3d4d4b42fd8f8e6a7c9","1","1","165466","https://p.scdn.co/mp3-preview/56498389419c8325460604a55c4adc2dda0e973f?cid=9950ac751e34487dbbe027c4fd7f8e99","true","54","GBUM71702567","spotify:user:p8u4bg39u8ew4b58wtkpj73f8","2023-07-26T11:10:55Z","dancehall","0.767","0.929","9","-3.08","0","0.185","0.102","0","0.0921","0.923","121.082","4","","Polydor Records","C © 2017 Universal Music Operations Limited, P ℗ 2017 Universal Music Operations Limited"
"spotify:track:55mjmUq3NuL6rt9aCcl4ZG","Beggin' (Frank Walker Remix)","spotify:artist:6c4sUNBgdonFJz8Kx2VsGz, spotify:artist:6rcE30MaP92XafelMNZ2Sq","Madcon, Frank Walker","spotify:album:0Nwd8iJ6UkNsVNOnccvbt9","Beggin' (Frank Walker Remix)","spotify:artist:6c4sUNBgdonFJz8Kx2VsGz, spotify:artist:6rcE30MaP92XafelMNZ2Sq","Madcon, Frank Walker","2021-07-16","https://i.scdn.co/image/ab67616d0000b273e792d878115ea81ede71bd49","1","1","194761","https://p.scdn.co/mp3-preview/2fe65495f2dd2b8be3304f1addc33a01de11e98b?cid=9950ac751e34487dbbe027c4fd7f8e99","false","55","SEVGT2100290","spotify:user:p8u4bg39u8ew4b58wtkpj73f8","2023-07-26T11:22:47Z","norsk hiphop","0.665","0.854","2","-3.215","0","0.111","0.119","0","0.316","0.35","126.149","4","","Day In Day Out","C (C) 2021 Day In Day Out - a division of Cosmos Music, P (P) 2021 Day In Day Out - a division of Cosmos Music"
"spotify:track:46lFttIf5hnUZMGvjK0Wxo","Runaway (U & I)","spotify:artist:4sTQVOfp9vEMCemLw50sbu","Galantis","spotify:album:4QcXq4vTVN7dFb7bZa9jG2","Pharmacy","spotify:artist:4sTQVOfp9vEMCemLw50sbu","Galantis","2015-06-05","https://i.scdn.co/image/ab67616d0000b2732b517912fd69652ff10d8e11","1","4","227073","https://p.scdn.co/mp3-preview/07fb66554af09f90798cadd77255c35df6dda8f4?cid=9950ac751e34487dbbe027c4fd7f8e99","false","82","USAT21404265","spotify:user:p8u4bg39u8ew4b58wtkpj73f8","2024-01-25T16:31:01Z","","0.506","0.805","1","-4.119","1","0.0469","0.00711","0.00193","0.0856","0.383","126.008","4","","Big Beat Records/Atlantic","C © 2015 Atlantic Recording Corporation for the United States and WEA International for the world outside of the United States. A Warner Music Group Company, P ℗ 2015 Atlantic Recording Corporation for the United States and WEA International for the world outside of the United States. A Warner Music Group Company"
"spotify:track:244AvzGQ4Ksa5637JQu5Gy","You've Got The Love","spotify:artist:1moxjboGR7GNWYIMWsRjgG","Florence + The Machine","spotify:album:1rLLyY5p6HXNl2lKzINWp5","Lungs (Deluxe Version)","spotify:artist:1moxjboGR7GNWYIMWsRjgG","Florence + The Machine","2009","https://i.scdn.co/image/ab67616d0000b273003f81b1f4246362638e682d","1","13","168666","https://p.scdn.co/mp3-preview/723c4ccb2319fb8b997c973a37812b586c120f87?cid=9950ac751e34487dbbe027c4fd7f8e99","false","79","GBUM70900237","spotify:user:p8u4bg39u8ew4b58wtkpj73f8","2024-01-25T16:32:34Z","barockpop","0.574","0.694","6","-4.697","1","0.0327","0.00481","0","0.102","0.401","109.85","4","","Universal-Island Records Ltd.","C © 2011 Universal Island Records Ltd. A Universal Music Company., P ℗ 2011 Universal Island Records Ltd. A Universal Music Company."
"spotify:track:5lWUeSYO61UYgNlFlqcwYl","Lighter (feat. KSI)","spotify:artist:2gduEC76ry33RVurAvT05p, spotify:artist:1nzgtKYFckznkcVMR3Gg4z","Nathan Dawe, KSI","spotify:album:4Fhgi0Jr4OpapEwNNSHhdK","Lighter (feat. KSI)","spotify:artist:2gduEC76ry33RVurAvT05p, spotify:artist:1nzgtKYFckznkcVMR3Gg4z","Nathan Dawe, KSI","2020-07-24","https://i.scdn.co/image/ab67616d0000b2735ea1f461a1b5a752013803e6","1","1","182439","https://p.scdn.co/mp3-preview/7f8a047f8fe8cef3964317fd5d1142e4ff7c7261?cid=9950ac751e34487dbbe027c4fd7f8e99","false","58","GBAHS2000622","spotify:user:p8u4bg39u8ew4b58wtkpj73f8","2024-01-25T16:33:37Z","","0.703","0.837","8","-3.606","1","0.0395","0.0214","0.0000445","0.104","0.356","124.953","4","","Atlantic Records UK","C under exclusive licence to Warner music UK Limited, © 2020 Nathan Dawe, P under exclusive licence to Warner music UK Limited, ℗ 2020 Nathan Dawe"
"spotify:track:0Z7nGFVCLfixWctgePsRk9","TEXAS HOLD 'EM","spotify:artist:6vWDO969PvNqNYHIOW5v0m","Beyoncé","spotify:album:6cBlaud5JVmPjkjxnwIMLx","TEXAS HOLD 'EM","spotify:artist:6vWDO969PvNqNYHIOW5v0m","Beyoncé","2024-02-11","https://i.scdn.co/image/ab67616d0000b27349188fe723e4734b391f5162","1","1","233456","https://p.scdn.co/mp3-preview/0a69f787920bde0a0e1d17af762695ad3cc9d99b?cid=9950ac751e34487dbbe027c4fd7f8e99","true","79","USSM12401302","spotify:user:p8u4bg39u8ew4b58wtkpj73f8","2024-03-01T15:34:47Z","","0.727","0.711","2","-6.549","1","0.078","0.582","0","0.158","0.375","110.012","4","","Parkwood Entertainment/Columbia","P (P) 2024 Parkwood Entertainment LLC, under exclusive license to Columbia Records, a Division of Sony Music Entertainment"
"spotify:track:5Jpz4nv8nA6FIYO5gEyQa2","Alibi (feat. Rudimental)","spotify:artist:7nDsS0l5ZAzMedVRKPP8F1, spotify:artist:4WN5naL3ofxrVBgFpguzKo","Ella Henderson, Rudimental","spotify:album:3Ku8LDPYg53Kh59amfFWjL","Alibi (feat. Rudimental)","spotify:artist:7nDsS0l5ZAzMedVRKPP8F1, spotify:artist:4WN5naL3ofxrVBgFpguzKo","Ella Henderson, Rudimental","2024-01-12","https://i.scdn.co/image/ab67616d0000b2739e3b2d14dee8000a862c941e","1","1","184852","https://p.scdn.co/mp3-preview/e44b10f19a6285a3a35ded9086115cf12cb6884f?cid=9950ac751e34487dbbe027c4fd7f8e99","false","77","GBAHS2301557","spotify:user:p8u4bg39u8ew4b58wtkpj73f8","2024-03-01T15:35:11Z","","0.545","0.793","0","-3.615","0","0.0371","0.191","0.00281","0.335","0.411","87.024","4","","Atlantic Records UK","C A Major Toms / Asylum Records UK release, © 2024 Warner Music UK Limited, P A Major Toms / Asylum Records UK release, ℗ 2024 Warner Music UK Limited"
"spotify:track:4tKGFmENO69tZR9ahgZu48","Murder On The Dancefloor","spotify:artist:2cBh5lVMg222FFuRU7EfDE","Sophie Ellis-Bextor","spotify:album:68ishLKwqH5oH79kUteEHG","Read My Lips (Deluxe Version)","spotify:artist:2cBh5lVMg222FFuRU7EfDE","Sophie Ellis-Bextor","2002-06-06","https://i.scdn.co/image/ab67616d0000b273b736151ed1c04f2d41d5f69e","1","1","230013","https://p.scdn.co/mp3-preview/340bdf7b29f2725f0353cb77cc8f6996cdc9fbe8?cid=9950ac751e34487dbbe027c4fd7f8e99","false","83","GBAKW0100229","spotify:user:p8u4bg39u8ew4b58wtkpj73f8","2024-03-01T15:35:42Z","","0.73","0.849","1","-5.281","0","0.0299","0.00234","0.0000257","0.312","0.887","117.308","4","","Polydor Records","C © 2002 Polydor Ltd. (UK), P ℗ 2002 Polydor Ltd. (UK)"
"spotify:track:0cVyQfDyRnMJ0V3rjjdlU3","Lil Boo Thang","spotify:artist:4zoRNhOhsGX3w8yBAnFSQ8","Paul Russell","spotify:album:1j5AROUr8rq5xb2CXDIH1c","Lil Boo Thang","spotify:artist:4zoRNhOhsGX3w8yBAnFSQ8","Paul Russell","2023-08-18","https://i.scdn.co/image/ab67616d0000b273f1304c61690f550a0d5983b1","1","1","114233","https://p.scdn.co/mp3-preview/e88af5bc933b5fd272b0131a4b83d21df1f7f3c1?cid=9950ac751e34487dbbe027c4fd7f8e99","false","81","USAR12300323","spotify:user:p8u4bg39u8ew4b58wtkpj73f8","2024-03-01T15:46:15Z","","0.85","0.699","0","-3.292","1","0.0776","0.152","0","0.32","0.915","114.481","4","","Arista Records","P (P) 2023 Paul Russell under exclusive license to Arista Records, a division of Sony Music Entertainment"
"spotify:track:6HTprulGfeFVrLLvfi3t8a","Mr. Saxobeat - Radio Edit","spotify:artist:0BmLNz4nSLfoWYW1cYsElL","Alexandra Stan","spotify:album:35AULnJ3cnpu6VUEfJlypd","Saxobeats","spotify:artist:0BmLNz4nSLfoWYW1cYsElL","Alexandra Stan","2011-10-25","https://i.scdn.co/image/ab67616d0000b27319cdf7abe0915c5e71e7974b","1","1","195105","https://p.scdn.co/mp3-preview/c6074d24a6466cf2f7e978e10b52272cf5ffe303?cid=9950ac751e34487dbbe027c4fd7f8e99","false","69","ROCRP1002864","spotify:user:p8u4bg39u8ew4b58wtkpj73f8","2024-03-15T15:01:19Z","","0.732","0.925","11","-4.165","0","0.051","0.0276","0.000238","0.14","0.782","127.012","4","","Ultra Records, LLC","P (P) 2010 MediaPro Music Entertainment, Romania under exclusive license to Ultra Records, Inc."
"spotify:track:59o6ojGNGJOYiVJSzC6Lsa","Memories (feat. Kid Cudi) - 2021 Remix","spotify:artist:1Cs0zKBU1kc0i8ypK3B9ai, spotify:artist:0fA0VVWsXO9YnASrzqfmYu","David Guetta, Kid Cudi","spotify:album:6YjGFGvxaNPwD2sQjECHSX","Memories (feat. Kid Cudi) [2021 Remix]","spotify:artist:1Cs0zKBU1kc0i8ypK3B9ai","David Guetta","2021-01-08","https://i.scdn.co/image/ab67616d0000b27332f8cf72a026af196e4ffcb4","1","1","162992","https://p.scdn.co/mp3-preview/212a40cdf91aa6e594ee485a354fe4bd910a4f55?cid=9950ac751e34487dbbe027c4fd7f8e99","true","73","FRZID2000472","spotify:user:p8u4bg39u8ew4b58wtkpj73f8","2024-03-15T15:02:51Z","edm,dance","0.709","0.783","5","-5.944","0","0.0551","0.108","0.000041","0.103","0.648","127.043","4","","Parlophone (France)","C Under Exclusive Licence to Warner Music France, Label Parlophone, © 2021 Gum Prod, P Under Exclusive Licence to Warner Music France, Label Parlophone, ℗ 2021 Gum Prod"
"spotify:track:66W1rVTnEv86dIkFhoiElg","Secrets","spotify:artist:4ofCBoyEiGSePFAG500xev, spotify:artist:5KKpBU5eC2tJDzf0wmlRp2","Regard, RAYE","spotify:album:6AgcNXTAFBxcOFRfxHUtxs","Secrets","spotify:artist:4ofCBoyEiGSePFAG500xev, spotify:artist:5KKpBU5eC2tJDzf0wmlRp2","Regard, RAYE","2020-04-24","https://i.scdn.co/image/ab67616d0000b2732b79437b4d0aa1145add6bb0","1","1","176766","https://p.scdn.co/mp3-preview/cca990295ff935ca47ec7edc6252f6bcc2086a8b?cid=9950ac751e34487dbbe027c4fd7f8e99","true","70","GBCEN2000044","spotify:user:p8u4bg39u8ew4b58wtkpj73f8","2024-03-15T15:03:04Z","","0.848","0.768","6","-5.386","0","0.0373","0.0412","0.000785","0.195","0.777","118.961","4","","Ministry of Sound Recordings","P (P) 2020 Ministry of Sound Recordings Limited"
"spotify:track:22VVfcgjtL7XTemQcphB9N","How Will I Know","spotify:artist:6XpaIBNiVzIetEPCWDvAFP, spotify:artist:6MDME20pz9RveH9rEXvrOM","Whitney Houston, Clean Bandit","spotify:album:00EjgohJGEYfe4vP35LVOv","I Wanna Dance With Somebody (The Movie: Whitney New, Classic and Reimagined)","spotify:artist:6XpaIBNiVzIetEPCWDvAFP","Whitney Houston","2022-12-16","https://i.scdn.co/image/ab67616d0000b273316cb816200bb0d21df71f2c","1","6","213294","https://p.scdn.co/mp3-preview/b4a5521ebd7685bf89bdb8969a48e06d3bac6875?cid=9950ac751e34487dbbe027c4fd7f8e99","false","48","USRC12102374","spotify:user:p8u4bg39u8ew4b58wtkpj73f8","2024-03-15T15:03:09Z","","0.758","0.683","6","-5.465","1","0.0399","0.153","0.00000154","0.242","0.663","119.001","4","","RCA Records Label","P This Compilation (P) 2022 RCA Records, a division of Sony Music Entertainment"
"spotify:track:6qUSs4FDzZUdAhY6JDIJfa","Who's That Chick? (feat. Rihanna)","spotify:artist:1Cs0zKBU1kc0i8ypK3B9ai, spotify:artist:5pKCCKE2ajJHZ9KAiaK11H","David Guetta, Rihanna","spotify:album:5DJc5qCdB5pPrDO97LXjeW","One More Love","spotify:artist:1Cs0zKBU1kc0i8ypK3B9ai","David Guetta","2010-11-22","https://i.scdn.co/image/ab67616d0000b273f45c50e7cff5f2376c1e36ea","2","1","201040","https://p.scdn.co/mp3-preview/045360abcc0adf334d5d03969ff2bd6f94112d2f?cid=9950ac751e34487dbbe027c4fd7f8e99","false","63","FRZID1000700","spotify:user:p8u4bg39u8ew4b58wtkpj73f8","2024-03-15T15:03:20Z","edm,dance","0.675","0.602","11","-4.733","0","0.116","0.00377","0","0.0458","0.933","127.938","4","","Parlophone (France)","C © 2010 Gum Prod licence exclusive Parlophone Music France, P ℗ 2010 Gum Prod licence exclusive Parlophone Music France"
"spotify:track:1bgKMxPQU7JIZEhNsM1vFs","Words (feat. Zara Larsson)","spotify:artist:4AVFqumd2ogHFlRbKIjp1t, spotify:artist:1Xylc3o4UrD53lo9CvFvVg","Alesso, Zara Larsson","spotify:album:66W7mt0wKGLFALilLBLfU6","Words (feat. Zara Larsson)","spotify:artist:4AVFqumd2ogHFlRbKIjp1t, spotify:artist:1Xylc3o4UrD53lo9CvFvVg","Alesso, Zara Larsson","2022-04-22","https://i.scdn.co/image/ab67616d0000b2738f9c368d8d0f5792ffc5d38e","1","1","142677","https://p.scdn.co/mp3-preview/1164c378d1a70ec8cfa42a28dc108503e8f62768?cid=9950ac751e34487dbbe027c4fd7f8e99","false","77","USUG12202336","spotify:user:p8u4bg39u8ew4b58wtkpj73f8","2024-03-15T15:03:43Z","edm","0.739","0.586","10","-5.079","0","0.0472","0.0245","0.000252","0.308","0.444","124.026","4","","10:22PM","C © 2022 Alefune AB, under exclusive license to UMG Recordings, Inc., P ℗ 2022 Alefune AB, under exclusive license to UMG Recordings, Inc."
"spotify:track:3rUGC1vUpkDG9CZFHMur1t","greedy","spotify:artist:45dkTj5sMRSjrmBSBeiHym","Tate McRae","spotify:album:3UOV8XvCwMKaATRNXrYCjN","greedy","spotify:artist:45dkTj5sMRSjrmBSBeiHym","Tate McRae","2023-09-15","https://i.scdn.co/image/ab67616d0000b27322fd802bc61db666c7c81aa8","1","1","131872","https://p.scdn.co/mp3-preview/2988a51e706f891d4ed1d60a3e4660c30906135e?cid=9950ac751e34487dbbe027c4fd7f8e99","true","91","USRC12301932","spotify:user:p8u4bg39u8ew4b58wtkpj73f8","2024-03-15T15:04:16Z","","0.749","0.729","6","-3.19","0","0.0321","0.261","0","0.113","0.816","111.004","1","","RCA Records Label","P (P) 2023 RCA Records, a division of Sony Music Entertainment"
"spotify:track:59NraMJsLaMCVtwXTSia8i","Prada","spotify:artist:5wCmhq5J2hPwL2r0eKurxn, spotify:artist:5KKpBU5eC2tJDzf0wmlRp2, spotify:artist:5VadK1havLhK1OpKYsXv9y","cassö, RAYE, D-Block Europe","spotify:album:5MU0RmBSpoSxOPYBfcobDc","Prada","spotify:artist:5wCmhq5J2hPwL2r0eKurxn, spotify:artist:5KKpBU5eC2tJDzf0wmlRp2, spotify:artist:5VadK1havLhK1OpKYsXv9y","cassö, RAYE, D-Block Europe","2023-08-11","https://i.scdn.co/image/ab67616d0000b273e4b7dccdfd54375ded9ccc5c","1","1","132359","https://p.scdn.co/mp3-preview/07ca5d41f53802807fd40d2778e66f633a2f3b8b?cid=9950ac751e34487dbbe027c4fd7f8e99","true","84","GBCEN2300147","spotify:user:p8u4bg39u8ew4b58wtkpj73f8","2024-03-15T15:05:00Z","hypertechno,grime,brittisk drill","0.638","0.717","8","-5.804","1","0.0375","0.001","0.00000179","0.113","0.422","141.904","4","","Ministry of Sound Recordings","P (P) 2023 Under Exclusive License to Ministry of Sound Recordings"
"spotify:track:2FDTHlrBguDzQkp7PVj16Q","Sprinter","spotify:artist:6Ip8FS7vWT1uKkJSweANQK, spotify:artist:5H4yInM5zmHqpKIoMNAx4r","Dave, Central Cee","spotify:album:5l0QlaI3wdZpE7ggoO5Rwg","Sprinter","spotify:artist:6Ip8FS7vWT1uKkJSweANQK, spotify:artist:5H4yInM5zmHqpKIoMNAx4r","Dave, Central Cee","2023-06-01","https://i.scdn.co/image/ab67616d0000b273e3a09a9ae3f1fa102c110e60","1","1","229133","https://p.scdn.co/mp3-preview/2e97b9631a29437339458578ad607eb22d23663a?cid=9950ac751e34487dbbe027c4fd7f8e99","true","85","GBUM72305159","spotify:user:p8u4bg39u8ew4b58wtkpj73f8","2024-03-15T15:05:33Z","grime,brittisk grime,brittisk drill,drill,brittisk drill,drill,brittisk grime,grime","0.918","0.681","1","-4.705","1","0.201","0.263","0","0.0615","0.706","139.057","4","","Neighbourhood / Live Yours","C © 2023 Neighbourhood / Live Yours, P ℗ 2023 Neighbourhood / Live Yours"
"spotify:track:2qSkIjg1o9h3YT9RAgYN75","Espresso","spotify:artist:74KM79TiuVKeVCqs8QtB0B","Sabrina Carpenter","spotify:album:5quMTd5zeI9yW5UDua8wS4","Espresso","spotify:artist:74KM79TiuVKeVCqs8QtB0B","Sabrina Carpenter","2024-04-12","https://i.scdn.co/image/ab67616d0000b273659cd4673230913b3918e0d5","1","1","175459","https://p.scdn.co/mp3-preview/fb272d8c77cf5edc5fb3bb9656c5637c531567ea?cid=9950ac751e34487dbbe027c4fd7f8e99","true","90","USUM72403305","spotify:user:p8u4bg39u8ew4b58wtkpj73f8","2024-06-21T14:03:43Z","","0.701","0.76","0","-5.478","1","0.0285","0.107","0.0000654","0.185","0.69","103.969","4","","Island Records","C © 2024 Island Records, a division of UMG Recordings, Inc., P ℗ 2024 Island Records, a division of UMG Recordings, Inc."
"spotify:track:5zuPzhnGl0DRRWmquMi2MP","Man In Finance (G6 Trust Fund)","spotify:artist:3bY2XiDYvps2HqyLXijxgy, spotify:artist:5PoZtBo8xZKqPWlZrIDq82","Girl On Couch, Billen Ted","spotify:album:3d3AJIkcxgFjeJV4LbwcFs","Man In Finance (G6 Trust Fund)","spotify:artist:3bY2XiDYvps2HqyLXijxgy, spotify:artist:5PoZtBo8xZKqPWlZrIDq82","Girl On Couch, Billen Ted","2024-05-17","https://i.scdn.co/image/ab67616d0000b273b219dc3fd6601bbbcd21132f","1","1","151405","https://p.scdn.co/mp3-preview/1d799c762a7ae53b810cbd5cf0c85710e11fe770?cid=9950ac751e34487dbbe027c4fd7f8e99","false","8","DEUM72405937","spotify:user:p8u4bg39u8ew4b58wtkpj73f8","2024-06-21T14:04:49Z","","0.648","0.933","7","-3.947","0","0.0651","0.00273","0.018","0.14","0.402","127.967","4","","Virgin","C © 2024 Girl On Couch, under exclusive license to Universal Music GmbH, P ℗ 2024 Girl On Couch, under exclusive license to Universal Music GmbH"
"spotify:track:40FUdLENDY3sZmHEM25lpE","Paradise","spotify:artist:0xRXCcSX89eobfrshSVdyu, spotify:artist:5KNNVgR6LBIABRIomyCwKJ","MEDUZA, Dermot Kennedy","spotify:album:1ipPj2xEiVWibPm6V1LqEc","MEDUZA","spotify:artist:0xRXCcSX89eobfrshSVdyu","MEDUZA","2023-10-13","https://i.scdn.co/image/ab67616d0000b2738d7f3300dd80d2704664ff16","1","4","167903","https://p.scdn.co/mp3-preview/a41c48cde98953e9104b4814d435f9ddf9a29be5?cid=9950ac751e34487dbbe027c4fd7f8e99","false","71","GBUM72005075","spotify:user:p8u4bg39u8ew4b58wtkpj73f8","2024-08-02T15:47:47Z","","0.632","0.595","8","-7.644","0","0.0401","0.0689","0","0.209","0.435","124.114","4","","Universal-Island Records Ltd.","C © 2023 Secondo Piano SRL, under exclusive license to Universal Music Operations Limited, P ℗ 2023 Secondo Piano SRL, under exclusive license to Universal Music Operations Limited"
"spotify:track:1gihuPhrLraKYrJMAEONyc","Feel So Close - Radio Edit","spotify:artist:7CajNmpbOovFoOoasH2HaY","Calvin Harris","spotify:album:7w19PFbxAjwZ7UVNp9z0uT","18 Months","spotify:artist:7CajNmpbOovFoOoasH2HaY","Calvin Harris","2012-10-29","https://i.scdn.co/image/ab67616d0000b273dcef905cb144d4867119850b","1","3","206413","https://p.scdn.co/mp3-preview/b8372b1a0b8d09a5004388a654f29bef6bc37021?cid=9950ac751e34487dbbe027c4fd7f8e99","false","88","GBARL1100748","spotify:user:p8u4bg39u8ew4b58wtkpj73f8","2024-08-02T15:47:49Z","edm","0.707","0.924","7","-2.842","1","0.031","0.000972","0.00703","0.204","0.919","127.937","4","","Columbia","P (P) 2012 Sony Music Entertainment UK Limited"
"spotify:track:57uNXnf4ciHYP4HktbIbzC","The Business","spotify:artist:2o5jDhtHVPhrJdv3cEQ99Z","Tiësto","spotify:album:1Pl9ZGXwayXPg5qRVpYo74","DRIVE","spotify:artist:2o5jDhtHVPhrJdv3cEQ99Z","Tiësto","2023-04-21","https://i.scdn.co/image/ab67616d0000b273cf8c47967e5c6bbc7dca5abb","1","4","164000","https://p.scdn.co/mp3-preview/e516723e41dab08c241fc981aeed21407f322d72?cid=9950ac751e34487dbbe027c4fd7f8e99","false","71","CYA112000624","spotify:user:p8u4bg39u8ew4b58wtkpj73f8","2024-08-02T15:47:53Z","edm,trance,big room,house,dance","0.798","0.62","8","-7.079","0","0.232","0.414","0.0192","0.112","0.235","120.031","4","","Atlantic Records","C © 2023 Musical Freedom, LLC under exclusive license to Atlantic Recording Corporation., P ℗ 2023 Musical Freedom, LLC under exclusive license to Atlantic Recording Corporation."
"spotify:track:0MOiv7WTXCqvm89lVCf9C8","Million Voices - Radio Edit","spotify:artist:5fahUm8t5c0GIdeTq0ZaG8","Otto Knows","spotify:album:6yEb0IID8Uc99lvC3QtWD4","Million Voices","spotify:artist:5fahUm8t5c0GIdeTq0ZaG8","Otto Knows","2012-01-01","https://i.scdn.co/image/ab67616d0000b2736368be2d4f665eadc25a444a","1","1","192866","https://p.scdn.co/mp3-preview/0cf4ed02d126e9c175139282685ad2d7a7643438?cid=9950ac751e34487dbbe027c4fd7f8e99","false","72","GBJ4B1200096","spotify:user:p8u4bg39u8ew4b58wtkpj73f8","2024-08-02T15:47:55Z","","0.582","0.894","8","-6.298","1","0.041","0.0022","0.0223","0.0664","0.0694","125.946","4","","Universal Music AB Distributed Labels","C © 2012 Refune Music Rights AB, P ℗ 2012 Refune Music Rights AB"
"spotify:track:1KixkQVDUHggZMU9dUobgm","My Head & My Heart","spotify:artist:4npEfmQ6YuiwW1GpUmaq3F","Ava Max","spotify:album:26c7MmQ4w8EAvVLb4jilaM","Heaven & Hell","spotify:artist:4npEfmQ6YuiwW1GpUmaq3F","Ava Max","2020-09-18","https://i.scdn.co/image/ab67616d0000b2739a95e89d24214b94de36ccf7","1","1","174760","https://p.scdn.co/mp3-preview/60f31c477e494d379c3eb8e6ff15d8007d0cbe0b?cid=9950ac751e34487dbbe027c4fd7f8e99","false","76","USAT22007121","spotify:user:p8u4bg39u8ew4b58wtkpj73f8","2024-08-02T15:47:57Z","","0.614","0.934","9","-3.709","0","0.07","0.0697","0","0.121","0.436","116.001","4","","Atlantic Records","C Atlantic Records, © 2020 Artist Partner Group, Inc., P Atlantic Records, ℗ 2020 Artist Partner Group, Inc."
"spotify:track:5TnF44IQRsopRNa63BEyFd","If You Really Love Me (How Will I Know)","spotify:artist:1Cs0zKBU1kc0i8ypK3B9ai, spotify:artist:3qi5fhSI6aUecvRN0XqIJ2, spotify:artist:34v5MVKeQnIo0CWYMbbrPf","David Guetta, MistaJam, John Newman","spotify:album:70gacpgIA2SlF8EqYpu22B","If You Really Love Me (How Will I Know)","spotify:artist:1Cs0zKBU1kc0i8ypK3B9ai, spotify:artist:3qi5fhSI6aUecvRN0XqIJ2, spotify:artist:34v5MVKeQnIo0CWYMbbrPf","David Guetta, MistaJam, John Newman","2021","https://i.scdn.co/image/ab67616d0000b273567a28ed92c3021664b51498","1","1","184390","https://p.scdn.co/mp3-preview/c1e6726d55a63866f78c3a29977441152ad2a907?cid=9950ac751e34487dbbe027c4fd7f8e99","false","66","UKWLG2100070","spotify:user:p8u4bg39u8ew4b58wtkpj73f8","2024-08-02T15:47:59Z","edm,dance","0.692","0.883","7","-4.698","1","0.0582","0.0512","0","0.228","0.614","122.984","4","","Parlophone UK","C Under exclusive licence to What a Music Ltd, © 2021 DJ Ltd, P Under exclusive licence to What a Music Ltd, ℗ 2021 DJ Ltd"
"spotify:track:4zN21mbAuaD0WqtmaTZZeP","Ferrari","spotify:artist:43BxCL6t4c73BQnIJtry5v, spotify:artist:45ruzGUmIr8WLjLOPJ9mGU","James Hype, Miggy Dela Rosa","spotify:album:6moZ4sNThthUAwCklyuPY8","Ferrari","spotify:artist:43BxCL6t4c73BQnIJtry5v, spotify:artist:45ruzGUmIr8WLjLOPJ9mGU","James Hype, Miggy Dela Rosa","2022-04-01","https://i.scdn.co/image/ab67616d0000b2736cc861b5c9c7cdef61b010b4","1","1","186661","https://p.scdn.co/mp3-preview/3c21e0bea740ed198a79f0abf2b3b113b68f3f29?cid=9950ac751e34487dbbe027c4fd7f8e99","false","81","GB3CE2200004","spotify:user:p8u4bg39u8ew4b58wtkpj73f8","2024-08-02T15:48:00Z","house,tech house","0.847","0.69","1","-7.877","0","0.0493","0.0127","0.00006","0.0526","0.692","125.004","4","","Universal-Island Records Ltd.","C © 2022 James Hype, under exclusive licence to Universal Music Operations Limited, P ℗ 2022 James Hype, under exclusive licence to Universal Music Operations Limited"
"spotify:track:6feiJqgHqeSvkGUzf11AYs","Remember (with David Guetta)","spotify:artist:4EPJlUEBy49EX1wuFOvtjK, spotify:artist:1Cs0zKBU1kc0i8ypK3B9ai","Becky Hill, David Guetta","spotify:album:2LWAzUYdZSUq0fW8ddbL1Q","Only Honest On The Weekend","spotify:artist:4EPJlUEBy49EX1wuFOvtjK","Becky Hill","2021-08-27","https://i.scdn.co/image/ab67616d0000b273afeb6f4556e7125e4272780f","1","5","161386","https://p.scdn.co/mp3-preview/0e98e751ec9f93fc05402039c7cae4eb8ef6b3c5?cid=9950ac751e34487dbbe027c4fd7f8e99","false","69","GBUM72102420","spotify:user:p8u4bg39u8ew4b58wtkpj73f8","2024-10-18T13:50:23Z","edm,dance","0.626","0.864","8","-3.12","1","0.0378","0.0682","0","0.087","0.555","123.833","4","","Polydor Records","C © 2021 Universal Music Operations Limited, P ℗ 2021 Universal Music Operations Limited"
"spotify:track:1WCEAGGRD066z2Q89ObXTq","Crazy What Love Can Do","spotify:artist:1Cs0zKBU1kc0i8ypK3B9ai, spotify:artist:4EPJlUEBy49EX1wuFOvtjK, spotify:artist:7nDsS0l5ZAzMedVRKPP8F1","David Guetta, Becky Hill, Ella Henderson","spotify:album:0GnxssqYa2RU9EdWHhZ707","Crazy What Love Can Do","spotify:artist:1Cs0zKBU1kc0i8ypK3B9ai, spotify:artist:4EPJlUEBy49EX1wuFOvtjK, spotify:artist:7nDsS0l5ZAzMedVRKPP8F1","David Guetta, Becky Hill, Ella Henderson","2022-04-08","https://i.scdn.co/image/ab67616d0000b273654c0a1cb2c30dd8e11c0186","1","1","169756","https://p.scdn.co/mp3-preview/fdb85e5b7fa3838d29e9909819ec82ed9da757dd?cid=9950ac751e34487dbbe027c4fd7f8e99","false","77","UKWLG2200001","spotify:user:p8u4bg39u8ew4b58wtkpj73f8","2024-10-18T13:50:24Z","edm,dance","0.601","0.713","4","-3.758","0","0.0449","0.0282","0","0.158","0.464","122.872","4","","Parlophone UK","C Under exclusive licence to What A Music Limited, © 2022 What A DJ Limited and What A Producer Limited, P Under exclusive licence to What A Music Limited, ℗ 2022 What A DJ Limited and What A Producer Limited"
"spotify:track:3mfER4ORePHvN35cbZ3dkV","Where Are You Now","spotify:artist:7f5Zgnp2spUuuzKplmRkt7, spotify:artist:6ydoSd3N2mwgwBHtF6K7eX","Lost Frequencies, Calum Scott","spotify:album:6Kk0U3JRoniLtiSjypjEVL","All Stand Together","spotify:artist:7f5Zgnp2spUuuzKplmRkt7","Lost Frequencies","2023-11-10","https://i.scdn.co/image/ab67616d0000b273580da30167c82db5fcc5f798","1","9","149066","https://p.scdn.co/mp3-preview/e91545857c4858dd60dd49487c2c14269598b90e?cid=9950ac751e34487dbbe027c4fd7f8e99","false","81","BEHP42100067","spotify:user:p8u4bg39u8ew4b58wtkpj73f8","2024-10-18T13:50:25Z","tropical house,lugn pop","0.762","0.632","6","-8.312","0","0.085","0.51","0.000205","0.18","0.282","121.031","4","","Epic Amsterdam","P (P) 2023 Lost & Cie Music SPRL exclusively licensed to Epic Amsterdam, with courtesy of Sony Music Entertainment Belgium NV/SA"
"spotify:track:3j11iDncb7ZeDMw7lFucqM","The Motto","spotify:artist:2o5jDhtHVPhrJdv3cEQ99Z, spotify:artist:4npEfmQ6YuiwW1GpUmaq3F","Tiësto, Ava Max","spotify:album:1Pl9ZGXwayXPg5qRVpYo74","DRIVE","spotify:artist:2o5jDhtHVPhrJdv3cEQ99Z","Tiësto","2023-04-21","https://i.scdn.co/image/ab67616d0000b273cf8c47967e5c6bbc7dca5abb","1","2","164818","https://p.scdn.co/mp3-preview/f1bc601f20aed02799fc5adaf39c664e4ffa5101?cid=9950ac751e34487dbbe027c4fd7f8e99","false","73","CYA112001070","spotify:user:p8u4bg39u8ew4b58wtkpj73f8","2024-10-18T13:50:26Z","edm,trance,big room,house,dance","0.754","0.763","7","-4.627","0","0.0435","0.0301","0.0000223","0.0901","0.464","117.953","4","","Atlantic Records","C © 2023 Musical Freedom, LLC under exclusive license to Atlantic Recording Corporation., P ℗ 2023 Musical Freedom, LLC under exclusive license to Atlantic Recording Corporation."
"spotify:track:2prnn41CblB8B4yWACDljP","Love Tonight (David Guetta Remix Edit)","spotify:artist:2TcGJdSOiOvITBzhvfX8XB, spotify:artist:1Cs0zKBU1kc0i8ypK3B9ai","Shouse, David Guetta","spotify:album:2HYufzr6XUqSurRZdY0D9w","Love Tonight (David Guetta Remix)","spotify:artist:2TcGJdSOiOvITBzhvfX8XB, spotify:artist:1Cs0zKBU1kc0i8ypK3B9ai","Shouse, David Guetta","2021-06-11","https://i.scdn.co/image/ab67616d0000b27328eec1bed4fe754299ea1e96","1","1","158095","https://p.scdn.co/mp3-preview/1aac93cfa72b7a47ecf2849a1dcc47b51b858407?cid=9950ac751e34487dbbe027c4fd7f8e99","false","78","USA2P2120718","spotify:user:p8u4bg39u8ew4b58wtkpj73f8","2024-10-18T13:50:27Z","edm,dance","0.621","0.989","10","-4.225","0","0.0434","0.015","0.357","0.184","0.0348","126.002","4","","Hell Beach","C © 2021 Hell Beach, a division of ONELOVE Recordings, P ℗ 2021 Hell Beach, a division of ONELOVE Recordings"
"spotify:track:6Dy1jexKYriXAVG6evyUTJ","OUT OUT (feat. Charli XCX & Saweetie)","spotify:artist:6DgP9otnZw5z6daOntINxp, spotify:artist:4Q6nIcaBED8qUel8bBx6Cr, spotify:artist:25uiPmTg16RbhZWAqwLBy5, spotify:artist:6cK3NBO6uP7hh0oyuVELFl","Joel Corry, Jax Jones, Charli xcx, Saweetie","spotify:album:5wJb3DBSoSMKYJA8TrNKi8","OUT OUT (feat. Charli XCX & Saweetie)","spotify:artist:6DgP9otnZw5z6daOntINxp, spotify:artist:4Q6nIcaBED8qUel8bBx6Cr","Joel Corry, Jax Jones","2021-08-13","https://i.scdn.co/image/ab67616d0000b2730abb7463b44d1be6243642f4","1","1","162603","https://p.scdn.co/mp3-preview/67d7d482ebf4bd1694d4e60c4a47f604880ab98a?cid=9950ac751e34487dbbe027c4fd7f8e99","false","76","UK4ZF2100518","spotify:user:p8u4bg39u8ew4b58wtkpj73f8","2024-10-18T13:50:28Z","danspop,hyperpop,konstpop","0.787","0.833","8","-4.403","1","0.0478","0.018","0.00747","0.0374","0.796","123.97","4","","Atlantic Records UK","C Under exclusive license to Warner Music UK Limited. An Asylum Records UK release, © 2021 Perfect Havoc Limited, P Under exclusive license to Warner Music UK Limited. An Asylum Records UK release, ℗ 2021 Perfect Havoc Limited"
"spotify:track:6eCmK3GQyFuTNWCJHsaF9d","Drive (feat. Wes Nelson)","spotify:artist:6MDME20pz9RveH9rEXvrOM, spotify:artist:0u6GtibW46tFX7koQ6uNJZ, spotify:artist:4ktBrNjagCGftyuBLJkATq","Clean Bandit, Topic, Wes Nelson","spotify:album:7wDWQrTNxHSVvklLTucK2D","Drive (feat. Wes Nelson)","spotify:artist:6MDME20pz9RveH9rEXvrOM, spotify:artist:0u6GtibW46tFX7koQ6uNJZ, spotify:artist:4ktBrNjagCGftyuBLJkATq","Clean Bandit, Topic, Wes Nelson","2021-07-30","https://i.scdn.co/image/ab67616d0000b2737005fb6e48d5fc3383086d0d","1","1","179374","https://p.scdn.co/mp3-preview/4326b1b2c3dd650864ed94f1503a5e504416613e?cid=9950ac751e34487dbbe027c4fd7f8e99","false","63","GBAHS2100547","spotify:user:p8u4bg39u8ew4b58wtkpj73f8","2024-10-18T13:50:31Z","","0.81","0.571","10","-7.189","0","0.085","0.0624","0.00000163","0.094","0.771","125.994","4","","Atlantic Records UK","C An Atlantic Records UK release, © 2021 Warner Music UK Limited., P An Atlantic Records UK release., ℗ 2021 Warner Music UK Limited."
"spotify:track:4ZofmEdvs4mQqZ756GQhSY","Melody","spotify:artist:1IueXOQyABrMOprrzwQJWN","Sigala","spotify:album:6OU7EFtbj258KWnSd0SJFo","Every Cloud - Silver Linings","spotify:artist:1IueXOQyABrMOprrzwQJWN","Sigala","2023-03-02","https://i.scdn.co/image/ab67616d0000b27385238385beaf482e034abc68","1","5","167142","https://p.scdn.co/mp3-preview/2b5a2af083d6eedb8fe5c3f6751d252dba53ed65?cid=9950ac751e34487dbbe027c4fd7f8e99","false","59","GBCEN2100229","spotify:user:p8u4bg39u8ew4b58wtkpj73f8","2024-10-18T13:50:32Z","","0.63","0.91","10","-2.681","0","0.058","0.0231","0.00000191","0.125","0.525","123.017","4","","Ministry of Sound Recordings","P (P) 2023 Ministry of Sound Recordings Limited/B1 Recordings GmbH. a Sony Music Entertainment Company"
"spotify:track:44xO8889yUQHn70P73NILS","Believe Me","spotify:artist:6YCM9JwkqdEFQSzztmh4Kb","Navos","spotify:album:7GJVQX2wiktNMP4QV20Y3E","Believe Me","spotify:artist:6YCM9JwkqdEFQSzztmh4Kb","Navos","2021-01-22","https://i.scdn.co/image/ab67616d0000b273ddc685f76ffabc0e9aea6aab","1","1","188260","https://p.scdn.co/mp3-preview/aa523c6a4c3d6bc8a8e8a627c7bb23c155b24581?cid=9950ac751e34487dbbe027c4fd7f8e99","false","66","GBUM72100423","spotify:user:p8u4bg39u8ew4b58wtkpj73f8","2024-10-18T13:50:34Z","","0.629","0.876","5","-5.572","0","0.0408","0.129","0.00000139","0.29","0.645","124.999","4","","Universal-Island Records Ltd.","C © 2021 Navos, under exclusive licence to Universal Music Operations Limited, P ℗ 2021 Navos, under exclusive licence to Universal Music Operations Limited"
"spotify:track:36gcliMRX1vCpgnrZE3dFZ","10:35","spotify:artist:2o5jDhtHVPhrJdv3cEQ99Z, spotify:artist:45dkTj5sMRSjrmBSBeiHym","Tiësto, Tate McRae","spotify:album:1Pl9ZGXwayXPg5qRVpYo74","DRIVE","spotify:artist:2o5jDhtHVPhrJdv3cEQ99Z","Tiësto","2023-04-21","https://i.scdn.co/image/ab67616d0000b273cf8c47967e5c6bbc7dca5abb","1","3","172252","https://p.scdn.co/mp3-preview/6e88ed9108e2c0c493903a7d280183d6d6855272?cid=9950ac751e34487dbbe027c4fd7f8e99","false","77","CYA112001130","spotify:user:p8u4bg39u8ew4b58wtkpj73f8","2024-10-18T13:50:35Z","edm,trance,big room,house,dance","0.696","0.793","8","-5.733","1","0.097","0.0683","0.00000378","0.18","0.698","120.003","4","","Atlantic Records","C © 2023 Musical Freedom, LLC under exclusive license to Atlantic Recording Corporation., P ℗ 2023 Musical Freedom, LLC under exclusive license to Atlantic Recording Corporation."
"spotify:track:2unqiEdHtabnsbv6TJ7gCW","Lose Control","spotify:artist:0xRXCcSX89eobfrshSVdyu, spotify:artist:4EPJlUEBy49EX1wuFOvtjK, spotify:artist:2nm38smINjms1LtczR0Cei","MEDUZA, Becky Hill, Goodboys","spotify:album:1ipPj2xEiVWibPm6V1LqEc","MEDUZA","spotify:artist:0xRXCcSX89eobfrshSVdyu","MEDUZA","2023-10-13","https://i.scdn.co/image/ab67616d0000b2738d7f3300dd80d2704664ff16","1","3","168387","https://p.scdn.co/mp3-preview/977b21196edb8ae28c53894d7bbea92f32db3b42?cid=9950ac751e34487dbbe027c4fd7f8e99","false","70","DEUM71905792","spotify:user:p8u4bg39u8ew4b58wtkpj73f8","2024-10-18T13:50:38Z","","0.598","0.527","10","-8.659","0","0.0415","0.129","0","0.14","0.53","123.943","4","","Universal-Island Records Ltd.","C © 2023 Secondo Piano SRL, under exclusive license to Universal Music Operations Limited, P ℗ 2023 Secondo Piano SRL, under exclusive license to Universal Music Operations Limited"
"spotify:track:7MIhUdNJtaOnDmC5nBC1fb","Deep Down (feat. Never Dull)","spotify:artist:0NGAZxHanS9e0iNHpR8f2W, spotify:artist:66TrUkUZ3RM29dqeDQRgyA, spotify:artist:1TrfxjXu8quyDw05p2bacX, spotify:artist:2u3rmzZC0psTER2sDfUebm","Alok, Ella Eyre, Kenny Dope, Never Dull","spotify:album:3KpxpdySrMR2S7noneu1bI","Deep Down (feat. Never Dull)","spotify:artist:0NGAZxHanS9e0iNHpR8f2W, spotify:artist:66TrUkUZ3RM29dqeDQRgyA, spotify:artist:1TrfxjXu8quyDw05p2bacX","Alok, Ella Eyre, Kenny Dope","2022-06-17","https://i.scdn.co/image/ab67616d0000b273ed443f0fff29eee63c9ede20","1","1","165752","https://p.scdn.co/mp3-preview/86c654c4b63f69463fb961bad9b9dcd59da63091?cid=9950ac751e34487dbbe027c4fd7f8e99","false","80","DEE862200810","spotify:user:p8u4bg39u8ew4b58wtkpj73f8","2024-10-18T13:50:41Z","brasiliansk bass,electronic,slap house,electrohouse,disco house,funky house,jazz house,nu disco,lo-fi house","0.687","0.818","0","-4.221","1","0.0778","0.0112","0","0.248","0.886","125.952","4","","Columbia/B1 Recordings","P (P) 2022 Alok Music/B1 Recordings, a Sony Music Entertainment company, in conjunction with High Fashion Music B.V."
"spotify:track:5OFVzqSeFxGpvDGyHvVeLj","It's Not Right But It's Okay","spotify:artist:19VDJ9IKyBSUMDJxLsasP6","Mr. Belt & Wezol","spotify:album:116jZe8fEmfjKBh4d8ZcDO","It's Not Right But It's Okay","spotify:artist:19VDJ9IKyBSUMDJxLsasP6","Mr. Belt & Wezol","2024-02-23","https://i.scdn.co/image/ab67616d0000b27303f9f7783244b38aec79cb6d","1","1","152304","https://p.scdn.co/mp3-preview/f2707ee6ec693e38142c3307ba217fbf754a4748?cid=9950ac751e34487dbbe027c4fd7f8e99","false","83","NLP762300246","spotify:user:p8u4bg39u8ew4b58wtkpj73f8","2024-10-18T13:51:22Z","future house,house","0.755","0.86","5","-4.811","0","0.0523","0.0144","0.00000747","0.344","0.618","128.004","4","","Sony Music Entertainment","P (P) 2024 Sony Music Entertainment Netherlands B.V."
"spotify:track:1Je1IMUlBXcx1Fz0WE7oPT","Wannabe","spotify:artist:0uq5PttqEjj3IH1bzwcrXF","Spice Girls","spotify:album:3x2jF7blR6bFHtk4MccsyJ","Spice","spotify:artist:0uq5PttqEjj3IH1bzwcrXF","Spice Girls","1996-01-01","https://i.scdn.co/image/ab67616d0000b27363facc42e4a35eb3aa182b59","1","1","173026","https://p.scdn.co/mp3-preview/4f557870cbdb569a7c99a62df97f71358d3b8da3?cid=9950ac751e34487dbbe027c4fd7f8e99","false","84","GBAAA9600008","spotify:user:p8u4bg39u8ew4b58wtkpj73f8","2024-11-22T14:50:45Z","","0.768","0.864","11","-6.149","1","0.0324","0.101","0","0.162","0.891","110.009","4","","Virgin Records","C © 1996 Virgin Records Limited, P ℗ 1996 Virgin Records Limited"
"spotify:track:0TwBtDAWpkpM3srywFVOV5","Crazy In Love (feat. JAY-Z)","spotify:artist:6vWDO969PvNqNYHIOW5v0m, spotify:artist:3nFkdlSjzX9mRTtwJOzDYB","Beyoncé, JAY-Z","spotify:album:06v9eHnqhMK2tbM2Iz3p0Y","Dangerously In Love","spotify:artist:6vWDO969PvNqNYHIOW5v0m","Beyoncé","2003-03-10","https://i.scdn.co/image/ab67616d0000b273a9fd4a0405945cd51e8de130","1","1","235933","https://p.scdn.co/mp3-preview/bcd82e2e27606ec0a0d024e10dfdec5c58188a53?cid=9950ac751e34487dbbe027c4fd7f8e99","false","84","USSM10305425","spotify:user:p8u4bg39u8ew4b58wtkpj73f8","2024-11-22T14:51:20Z","hiphop,east coast hiphop,rap","0.664","0.759","2","-6.583","0","0.209","0.00238","0","0.0598","0.701","99.252","4","","Columbia","P (P) 2003 Sony Music Entertainment Inc."
